OrderID;CostomerID;ProductID;OrderDate;OrderQuantity;PaymentMethode;OrderStatus
1;14103;6671;2026-01-08 15:56:00.0000000;3;Kredi Kartı;Tamamlandı
2;12777;341;2026-01-13 18:55:00.0000000;2;Kredi Kartı;Kargoda
3;2086;17032;2026-01-27 11:42:00.0000000;1;Kredi Kartı;Tamamlandı
4;8340;9231;2026-01-10 18:05:00.0000000;1;Kredi Kartı;Tamamlandı
5;13990;11251;2026-02-18 22:47:00.0000000;1;Banka Kartı;Tamamlandı
6;9926;495;2026-01-07 16:37:00.0000000;2;Kredi Kartı;Tamamlandı
7;17444;13746;2026-01-17 08:25:00.0000000;2;Kredi Kartı;Tamamlandı
8;5803;9989;2026-02-14 16:51:00.0000000;2;Banka Kartı;İptal
9;1106;2368;2026-02-20 06:06:00.0000000;1;Kredi Kartı;Kargoda
10;7283;17072;2026-02-13 18:30:00.0000000;1;Kapıda Ödeme;Tamamlandı
11;16593;11172;2026-01-24 22:31:00.0000000;2;Kredi Kartı;Tamamlandı
12;15631;1192;2026-01-22 15:05:00.0000000;1;Banka Kartı;Kargoda
13;18562;7329;2026-01-23 04:58:00.0000000;1;Kapıda Ödeme;Tamamlandı
14;13416;16594;2026-01-10 15:44:00.0000000;1;Kredi Kartı;Tamamlandı
15;11973;1594;2026-02-08 12:34:00.0000000;1;Banka Kartı;Tamamlandı
16;20529;10635;2026-01-18 02:47:00.0000000;2;Kredi Kartı;Kargoda
17;12403;4181;2026-01-16 01:11:00.0000000;1;Kredi Kartı;Tamamlandı
18;1959;17771;2026-01-14 01:00:00.0000000;3;Havale / EFT;Tamamlandı
19;10300;2831;2026-01-03 11:43:00.0000000;2;Kapıda Ödeme;Tamamlandı
20;16428;2684;2026-01-23 19:04:00.0000000;2;Havale / EFT;Tamamlandı
21;21426;7059;2026-02-03 09:23:00.0000000;2;Kapıda Ödeme;Tamamlandı
22;16693;7666;2026-02-09 08:34:00.0000000;1;Kapıda Ödeme;Tamamlandı
23;1386;17998;2026-01-28 01:15:00.0000000;2;Banka Kartı;Tamamlandı
24;17529;15688;2026-01-17 04:50:00.0000000;2;Banka Kartı;Tamamlandı
25;8310;13954;2026-01-06 18:20:00.0000000;1;Kapıda Ödeme;Tamamlandı
26;4028;12;2026-02-18 13:41:00.0000000;1;Kredi Kartı;Tamamlandı
27;18309;6009;2026-01-30 02:01:00.0000000;4;Banka Kartı;Kargoda
28;7875;13462;2026-01-28 12:00:00.0000000;2;Havale / EFT;Tamamlandı
29;1548;11863;2026-01-31 13:29:00.0000000;1;Banka Kartı;Hazırlanıyor
30;1864;15533;2026-01-11 10:58:00.0000000;2;Kredi Kartı;Tamamlandı
31;16819;11761;2026-01-12 10:49:00.0000000;1;Kredi Kartı;Tamamlandı
32;15027;2794;2026-02-11 10:27:00.0000000;2;Kredi Kartı;Kargoda
33;14465;994;2026-01-08 05:38:00.0000000;6;Banka Kartı;Tamamlandı
34;18733;7947;2026-02-09 00:55:00.0000000;1;Havale / EFT;İptal
35;10520;297;2026-02-06 11:59:00.0000000;1;Havale / EFT;Tamamlandı
36;9738;10510;2026-01-03 08:01:00.0000000;1;Kapıda Ödeme;Tamamlandı
37;12280;1658;2026-02-14 20:03:00.0000000;1;Kredi Kartı;Tamamlandı
38;16314;9361;2026-02-10 18:28:00.0000000;2;Kredi Kartı;Tamamlandı
39;17119;17923;2026-01-10 01:00:00.0000000;2;Kredi Kartı;Tamamlandı
40;2823;4346;2026-01-05 01:58:00.0000000;1;Kredi Kartı;Tamamlandı
41;20510;322;2026-01-31 21:24:00.0000000;1;Kredi Kartı;Tamamlandı
42;13273;5359;2026-01-22 08:02:00.0000000;2;Havale / EFT;Kargoda
43;8872;11075;2026-01-10 07:51:00.0000000;1;Banka Kartı;Tamamlandı
44;9002;4570;2026-01-01 19:58:00.0000000;2;Havale / EFT;Tamamlandı
45;5574;7064;2026-01-26 10:11:00.0000000;1;Kredi Kartı;Tamamlandı
46;19384;2444;2026-02-14 01:32:00.0000000;1;Kredi Kartı;Tamamlandı
47;7797;1481;2026-01-11 20:49:00.0000000;6;Kredi Kartı;Hazırlanıyor
48;16841;16701;2026-01-06 20:34:00.0000000;1;Kredi Kartı;Tamamlandı
49;20949;8907;2026-01-05 18:50:00.0000000;2;Kredi Kartı;Tamamlandı
50;12991;13836;2026-02-11 11:30:00.0000000;1;Kredi Kartı;Tamamlandı
51;12332;11780;2026-01-27 23:37:00.0000000;1;Kredi Kartı;Tamamlandı
52;12798;11944;2026-02-18 22:21:00.0000000;1;Kredi Kartı;Tamamlandı
53;14843;10877;2026-02-05 02:40:00.0000000;1;Kredi Kartı;Tamamlandı
54;5085;11918;2026-02-05 21:49:00.0000000;1;Banka Kartı;Tamamlandı
55;11896;4464;2026-01-22 00:19:00.0000000;1;Kredi Kartı;Tamamlandı
56;21332;6327;2026-02-05 12:52:00.0000000;4;Kredi Kartı;Tamamlandı
57;316;3719;2026-02-02 05:49:00.0000000;2;Kredi Kartı;Tamamlandı
58;17475;7920;2026-01-26 04:25:00.0000000;1;Kredi Kartı;Tamamlandı
59;18685;13095;2026-01-19 00:33:00.0000000;3;Havale / EFT;Kargoda
60;8325;899;2026-02-20 07:02:00.0000000;1;Kredi Kartı;Tamamlandı
61;8152;10187;2026-02-20 12:03:00.0000000;2;Kredi Kartı;Kargoda
62;5820;8268;2026-01-26 02:19:00.0000000;2;Havale / EFT;Tamamlandı
63;16373;9352;2026-01-24 19:25:00.0000000;2;Banka Kartı;Tamamlandı
64;5166;15591;2026-02-12 17:34:00.0000000;2;Kapıda Ödeme;Tamamlandı
65;15459;11938;2026-01-23 03:16:00.0000000;2;Banka Kartı;Tamamlandı
66;9769;12875;2026-01-29 04:13:00.0000000;1;Banka Kartı;Tamamlandı
67;427;7539;2026-02-20 03:21:00.0000000;2;Banka Kartı;Tamamlandı
68;16933;10638;2026-01-17 22:59:00.0000000;1;Banka Kartı;Kargoda
69;9803;5940;2026-02-10 12:15:00.0000000;2;Kredi Kartı;Tamamlandı
70;19125;2809;2026-01-10 04:20:00.0000000;1;Banka Kartı;Hazırlanıyor
71;15231;10495;2026-01-11 12:17:00.0000000;2;Kredi Kartı;Tamamlandı
72;14790;6320;2026-02-19 14:49:00.0000000;2;Havale / EFT;Tamamlandı
73;1050;6467;2026-02-01 08:36:00.0000000;1;Kredi Kartı;Tamamlandı
74;12616;17628;2026-01-02 16:59:00.0000000;1;Kredi Kartı;Tamamlandı
75;8582;3881;2026-01-15 14:16:00.0000000;1;Kredi Kartı;Tamamlandı
76;2831;6524;2026-01-14 22:17:00.0000000;2;Kapıda Ödeme;Tamamlandı
77;10918;3387;2026-01-14 11:28:00.0000000;2;Banka Kartı;Tamamlandı
78;18054;5436;2026-01-08 19:14:00.0000000;4;Kredi Kartı;Hazırlanıyor
79;11766;12279;2026-02-14 18:25:00.0000000;1;Havale / EFT;Hazırlanıyor
80;13733;6568;2026-01-22 02:03:00.0000000;1;Kredi Kartı;Tamamlandı
81;4265;13342;2026-01-09 03:48:00.0000000;1;Banka Kartı;İptal
82;21481;10004;2026-02-20 19:56:00.0000000;3;Banka Kartı;Tamamlandı
83;20420;13572;2026-01-29 04:43:00.0000000;1;Kredi Kartı;Tamamlandı
84;15030;5095;2026-01-26 09:00:00.0000000;2;Kredi Kartı;Tamamlandı
85;15196;5636;2026-02-14 22:45:00.0000000;1;Banka Kartı;Tamamlandı
86;18953;16886;2026-01-28 19:02:00.0000000;1;Kredi Kartı;Tamamlandı
87;14955;3909;2026-01-18 20:25:00.0000000;1;Banka Kartı;Tamamlandı
88;13467;5308;2026-01-19 06:01:00.0000000;2;Havale / EFT;Tamamlandı
89;4735;7331;2026-01-18 08:35:00.0000000;1;Banka Kartı;Hazırlanıyor
90;12925;10414;2026-02-01 10:43:00.0000000;1;Kredi Kartı;Tamamlandı
91;785;2645;2026-01-23 15:34:00.0000000;6;Kredi Kartı;Tamamlandı
92;3153;9532;2026-02-12 19:24:00.0000000;1;Havale / EFT;Tamamlandı
93;6942;1733;2026-01-15 18:09:00.0000000;5;Havale / EFT;Tamamlandı
94;2368;7714;2026-01-04 13:57:00.0000000;1;Kredi Kartı;Kargoda
95;14154;7256;2026-01-20 13:10:00.0000000;3;Kredi Kartı;Tamamlandı
96;21459;12899;2026-02-20 01:50:00.0000000;2;Kredi Kartı;Kargoda
97;1823;8262;2026-02-07 01:10:00.0000000;2;Kapıda Ödeme;Kargoda
98;5967;3217;2026-02-08 09:00:00.0000000;4;Kredi Kartı;Tamamlandı
99;3004;10530;2026-02-04 14:34:00.0000000;1;Havale / EFT;Tamamlandı
100;10905;13394;2026-02-09 01:32:00.0000000;1;Kredi Kartı;İptal
101;12985;2897;2026-01-30 04:03:00.0000000;4;Kredi Kartı;Kargoda
102;12017;7989;2026-02-03 02:27:00.0000000;3;Banka Kartı;Kargoda
103;6533;3012;2026-01-23 16:17:00.0000000;4;Banka Kartı;Tamamlandı
104;11069;9146;2026-02-03 20:50:00.0000000;1;Banka Kartı;Hazırlanıyor
105;12066;13690;2026-02-18 13:43:00.0000000;2;Banka Kartı;Tamamlandı
106;18682;718;2026-01-27 01:41:00.0000000;1;Kredi Kartı;Tamamlandı
107;4343;13786;2026-01-20 13:38:00.0000000;1;Kredi Kartı;Tamamlandı
108;12167;5473;2026-02-09 12:19:00.0000000;5;Kredi Kartı;Tamamlandı
109;10920;8510;2026-01-08 21:12:00.0000000;3;Kredi Kartı;Kargoda
110;16981;1099;2026-01-06 09:14:00.0000000;1;Kapıda Ödeme;Tamamlandı
111;17313;14361;2026-02-18 13:23:00.0000000;2;Banka Kartı;Tamamlandı
112;12009;17514;2026-01-18 06:31:00.0000000;1;Havale / EFT;Tamamlandı
113;16209;12471;2026-01-10 18:21:00.0000000;1;Banka Kartı;Tamamlandı
114;17860;10300;2026-02-11 03:56:00.0000000;1;Kredi Kartı;Tamamlandı
115;21773;13982;2026-02-08 01:33:00.0000000;1;Banka Kartı;Hazırlanıyor
116;19156;10400;2026-01-06 18:58:00.0000000;1;Havale / EFT;Tamamlandı
117;11832;2233;2026-02-06 20:45:00.0000000;1;Kapıda Ödeme;Tamamlandı
118;10008;4235;2026-01-28 18:13:00.0000000;6;Havale / EFT;Kargoda
119;13623;4916;2026-01-01 10:57:00.0000000;4;Kredi Kartı;Tamamlandı
120;15528;6807;2026-02-04 02:17:00.0000000;1;Banka Kartı;Tamamlandı
121;7888;5398;2026-02-04 10:51:00.0000000;1;Kredi Kartı;Tamamlandı
122;3091;9615;2026-02-04 16:25:00.0000000;3;Kredi Kartı;İptal
123;9033;12210;2026-01-28 15:07:00.0000000;1;Banka Kartı;Tamamlandı
124;15732;17701;2026-01-07 08:07:00.0000000;2;Banka Kartı;Tamamlandı
125;15050;17094;2026-02-02 19:09:00.0000000;3;Kredi Kartı;Tamamlandı
126;7559;9619;2026-02-19 05:18:00.0000000;1;Havale / EFT;Tamamlandı
127;19237;8326;2026-01-16 13:29:00.0000000;1;Banka Kartı;Kargoda
128;2714;9206;2026-02-07 05:10:00.0000000;1;Banka Kartı;Tamamlandı
129;2252;10739;2026-01-24 16:58:00.0000000;1;Kredi Kartı;Tamamlandı
130;4190;2092;2026-01-14 04:56:00.0000000;2;Kredi Kartı;Tamamlandı
131;21439;15625;2026-01-07 06:29:00.0000000;2;Kredi Kartı;Kargoda
132;13449;11135;2026-01-22 19:48:00.0000000;3;Havale / EFT;Tamamlandı
133;2061;14357;2026-01-09 04:19:00.0000000;1;Banka Kartı;Tamamlandı
134;20502;339;2026-01-01 17:30:00.0000000;1;Banka Kartı;Tamamlandı
135;5888;15470;2026-01-29 21:29:00.0000000;6;Kapıda Ödeme;Tamamlandı
136;335;8664;2026-01-27 07:32:00.0000000;1;Havale / EFT;Tamamlandı
137;13929;6337;2026-02-16 10:31:00.0000000;4;Kredi Kartı;Tamamlandı
138;8557;12192;2026-01-05 23:46:00.0000000;1;Kapıda Ödeme;Tamamlandı
139;19385;4760;2026-02-10 22:32:00.0000000;1;Kredi Kartı;Tamamlandı
140;9090;6374;2026-02-03 00:14:00.0000000;1;Havale / EFT;Tamamlandı
141;7552;7140;2026-01-22 12:30:00.0000000;1;Banka Kartı;Tamamlandı
142;17968;9251;2026-01-06 11:16:00.0000000;1;Havale / EFT;Tamamlandı
143;20279;3210;2026-01-04 13:45:00.0000000;2;Kredi Kartı;Tamamlandı
144;3457;5685;2026-02-02 01:38:00.0000000;1;Kredi Kartı;Kargoda
145;16102;6375;2026-02-19 15:40:00.0000000;2;Kredi Kartı;Kargoda
146;19598;7126;2026-02-18 20:48:00.0000000;1;Havale / EFT;Kargoda
147;13532;6019;2026-02-13 17:58:00.0000000;1;Kapıda Ödeme;Tamamlandı
148;12347;13178;2026-02-20 14:14:00.0000000;3;Kredi Kartı;İptal
149;7488;1101;2026-01-11 09:08:00.0000000;1;Kapıda Ödeme;Tamamlandı
150;3923;426;2026-02-10 16:13:00.0000000;3;Kredi Kartı;Hazırlanıyor
151;4422;15118;2026-02-13 17:56:00.0000000;5;Kredi Kartı;Tamamlandı
152;5969;9861;2026-01-04 18:11:00.0000000;1;Kredi Kartı;Tamamlandı
153;9190;588;2026-01-28 07:46:00.0000000;1;Kredi Kartı;Hazırlanıyor
154;8724;569;2026-02-09 03:47:00.0000000;1;Kredi Kartı;İptal
155;13098;10878;2026-01-14 03:59:00.0000000;1;Kredi Kartı;Tamamlandı
156;11409;17689;2026-02-12 12:49:00.0000000;3;Banka Kartı;Tamamlandı
157;16166;2651;2026-02-20 20:12:00.0000000;1;Kredi Kartı;Kargoda
158;7713;5098;2026-01-25 17:49:00.0000000;2;Banka Kartı;Tamamlandı
159;20681;9854;2026-02-07 15:32:00.0000000;2;Havale / EFT;İptal
160;15798;6643;2026-01-12 00:46:00.0000000;1;Banka Kartı;Tamamlandı
161;19496;3672;2026-01-23 13:03:00.0000000;2;Kredi Kartı;Tamamlandı
162;1968;5131;2026-02-05 10:51:00.0000000;1;Banka Kartı;Hazırlanıyor
163;2648;7715;2026-01-08 06:34:00.0000000;2;Kredi Kartı;Tamamlandı
164;5406;5354;2026-01-22 02:50:00.0000000;1;Kredi Kartı;Tamamlandı
165;19373;1601;2026-02-11 01:59:00.0000000;2;Kredi Kartı;Tamamlandı
166;851;6017;2026-01-06 01:16:00.0000000;3;Banka Kartı;Tamamlandı
167;9873;13393;2026-01-09 13:00:00.0000000;1;Banka Kartı;Tamamlandı
168;20075;10017;2026-01-14 19:08:00.0000000;2;Kredi Kartı;Kargoda
169;5927;17368;2026-01-28 14:49:00.0000000;3;Kredi Kartı;Tamamlandı
170;1960;2499;2026-02-06 12:24:00.0000000;4;Kredi Kartı;Hazırlanıyor
171;15038;1915;2026-02-09 17:53:00.0000000;1;Banka Kartı;İptal
172;20735;11793;2026-01-29 13:46:00.0000000;2;Havale / EFT;Tamamlandı
173;6193;16421;2026-02-04 23:08:00.0000000;3;Kredi Kartı;Tamamlandı
174;548;12509;2026-01-17 15:29:00.0000000;1;Kredi Kartı;Tamamlandı
175;13596;17107;2026-01-12 17:54:00.0000000;4;Kredi Kartı;Tamamlandı
176;18372;4611;2026-01-30 00:16:00.0000000;2;Havale / EFT;Kargoda
177;18294;1929;2026-01-16 13:33:00.0000000;1;Banka Kartı;Tamamlandı
178;19019;16685;2026-01-19 01:42:00.0000000;2;Banka Kartı;Tamamlandı
179;12694;1114;2026-02-17 01:43:00.0000000;1;Banka Kartı;Kargoda
180;14792;11421;2026-02-20 07:21:00.0000000;2;Kredi Kartı;Tamamlandı
181;17333;11575;2026-01-01 00:22:00.0000000;1;Havale / EFT;Tamamlandı
182;11664;17720;2026-02-06 11:07:00.0000000;2;Kredi Kartı;Kargoda
183;3163;6700;2026-02-14 00:39:00.0000000;3;Kredi Kartı;Kargoda
184;20742;13174;2026-01-07 10:09:00.0000000;1;Kapıda Ödeme;Tamamlandı
185;16418;2796;2026-01-03 17:15:00.0000000;1;Kapıda Ödeme;Tamamlandı
186;3627;15518;2026-02-17 08:49:00.0000000;1;Kredi Kartı;Tamamlandı
187;3859;10690;2026-01-12 20:54:00.0000000;2;Kredi Kartı;Tamamlandı
188;10727;13245;2026-02-12 01:01:00.0000000;2;Kapıda Ödeme;Tamamlandı
189;6636;10605;2026-01-14 14:46:00.0000000;1;Kredi Kartı;Tamamlandı
190;16908;10289;2026-01-23 17:04:00.0000000;5;Havale / EFT;Kargoda
191;15762;2577;2026-01-05 16:19:00.0000000;1;Kapıda Ödeme;Tamamlandı
192;14764;4564;2026-02-12 19:05:00.0000000;1;Kredi Kartı;Tamamlandı
193;17982;16383;2026-02-06 20:34:00.0000000;2;Banka Kartı;Kargoda
194;10215;3100;2026-02-07 21:23:00.0000000;2;Banka Kartı;Tamamlandı
195;9050;1526;2026-01-20 23:53:00.0000000;2;Banka Kartı;Tamamlandı
196;7393;8694;2026-01-01 03:40:00.0000000;1;Kredi Kartı;Tamamlandı
197;14302;17984;2026-02-03 10:51:00.0000000;1;Kapıda Ödeme;Tamamlandı
198;21498;6597;2026-01-17 05:00:00.0000000;4;Kredi Kartı;Tamamlandı
199;1609;12167;2026-01-20 00:23:00.0000000;1;Kredi Kartı;Tamamlandı
200;7901;17113;2026-01-09 22:44:00.0000000;1;Kredi Kartı;Kargoda
201;661;16552;2026-02-11 02:12:00.0000000;2;Banka Kartı;Tamamlandı
202;20297;3031;2026-01-02 23:34:00.0000000;3;Banka Kartı;Kargoda
203;17725;8600;2026-02-15 02:23:00.0000000;1;Kredi Kartı;Tamamlandı
204;15614;13088;2026-01-15 12:13:00.0000000;2;Kredi Kartı;Tamamlandı
205;14319;5690;2026-02-02 10:57:00.0000000;3;Banka Kartı;Tamamlandı
206;12301;4268;2026-02-20 15:33:00.0000000;3;Kredi Kartı;Kargoda
207;8294;8736;2026-01-27 07:42:00.0000000;2;Kredi Kartı;Tamamlandı
208;3327;264;2026-02-05 23:37:00.0000000;2;Kredi Kartı;Kargoda
209;21038;1470;2026-01-30 14:48:00.0000000;1;Kapıda Ödeme;Tamamlandı
210;10142;12879;2026-01-13 09:49:00.0000000;1;Kredi Kartı;Hazırlanıyor
211;17096;9965;2026-01-06 04:38:00.0000000;1;Banka Kartı;Tamamlandı
212;6058;1797;2026-01-14 15:34:00.0000000;1;Kredi Kartı;Tamamlandı
213;7453;1082;2026-01-17 23:22:00.0000000;2;Kapıda Ödeme;İptal
214;11333;14665;2026-01-25 16:57:00.0000000;4;Kredi Kartı;Tamamlandı
215;9092;17216;2026-01-24 00:03:00.0000000;2;Kredi Kartı;Tamamlandı
216;9481;14714;2026-02-01 12:37:00.0000000;1;Havale / EFT;Tamamlandı
217;21554;6471;2026-01-11 19:24:00.0000000;1;Kredi Kartı;Hazırlanıyor
218;16319;2035;2026-02-07 08:36:00.0000000;1;Havale / EFT;Tamamlandı
219;10539;14956;2026-02-13 23:51:00.0000000;1;Kredi Kartı;Tamamlandı
220;679;2199;2026-01-03 13:49:00.0000000;4;Kapıda Ödeme;Tamamlandı
221;19933;9492;2026-01-27 19:51:00.0000000;1;Kredi Kartı;Kargoda
222;7299;5260;2026-01-31 07:44:00.0000000;5;Banka Kartı;Hazırlanıyor
223;10114;10038;2026-01-23 03:26:00.0000000;1;Kredi Kartı;Tamamlandı
224;18268;5253;2026-01-01 18:30:00.0000000;1;Kredi Kartı;Tamamlandı
225;2526;11246;2026-02-13 13:06:00.0000000;1;Kredi Kartı;Kargoda
226;12394;12894;2026-01-21 02:50:00.0000000;1;Kredi Kartı;Tamamlandı
227;12868;10605;2026-02-07 11:08:00.0000000;1;Banka Kartı;Kargoda
228;10864;8002;2026-02-01 23:13:00.0000000;1;Kredi Kartı;Tamamlandı
229;13564;2263;2026-02-18 05:37:00.0000000;1;Kapıda Ödeme;Tamamlandı
230;5384;15595;2026-01-23 23:30:00.0000000;1;Banka Kartı;Tamamlandı
231;18698;7072;2026-01-26 20:51:00.0000000;1;Kredi Kartı;Hazırlanıyor
232;18972;11019;2026-01-27 03:22:00.0000000;2;Kredi Kartı;Hazırlanıyor
233;7161;1574;2026-02-14 02:31:00.0000000;1;Kredi Kartı;Tamamlandı
234;3356;4586;2026-01-11 07:19:00.0000000;1;Kredi Kartı;Tamamlandı
235;6814;15680;2026-01-10 22:20:00.0000000;1;Banka Kartı;Tamamlandı
236;1324;3405;2026-01-31 19:44:00.0000000;5;Banka Kartı;Tamamlandı
237;13069;7635;2026-01-12 13:00:00.0000000;2;Banka Kartı;Tamamlandı
238;10226;3728;2026-01-26 14:50:00.0000000;2;Banka Kartı;Tamamlandı
239;6788;9525;2026-01-07 01:25:00.0000000;1;Kredi Kartı;Hazırlanıyor
240;12560;12849;2026-01-30 07:28:00.0000000;1;Banka Kartı;Hazırlanıyor
241;2508;2879;2026-01-16 21:40:00.0000000;1;Kapıda Ödeme;Kargoda
242;3304;12950;2026-01-04 20:04:00.0000000;1;Kredi Kartı;Tamamlandı
243;19173;10262;2026-01-22 10:15:00.0000000;2;Kapıda Ödeme;Tamamlandı
244;18588;8031;2026-01-07 08:52:00.0000000;2;Kredi Kartı;Tamamlandı
245;2482;5339;2026-01-27 10:56:00.0000000;1;Kredi Kartı;Tamamlandı
246;3810;8642;2026-01-13 06:37:00.0000000;2;Banka Kartı;Tamamlandı
247;1821;5164;2026-02-17 16:32:00.0000000;1;Kredi Kartı;Tamamlandı
248;9701;13884;2026-02-14 13:15:00.0000000;1;Kapıda Ödeme;Tamamlandı
249;1704;3430;2026-02-11 08:50:00.0000000;2;Kredi Kartı;Kargoda
250;20923;12134;2026-02-18 08:04:00.0000000;3;Kredi Kartı;Hazırlanıyor
251;5365;7300;2026-01-06 13:16:00.0000000;2;Kredi Kartı;Tamamlandı
252;9651;5190;2026-01-16 17:12:00.0000000;1;Kredi Kartı;Kargoda
253;9540;12114;2026-02-03 22:26:00.0000000;2;Kredi Kartı;İptal
254;8816;13944;2026-01-01 18:13:00.0000000;1;Kapıda Ödeme;Tamamlandı
255;3151;10137;2026-02-17 23:59:00.0000000;4;Kredi Kartı;Tamamlandı
256;12187;8452;2026-01-20 04:28:00.0000000;2;Banka Kartı;Tamamlandı
257;1986;7491;2026-02-07 19:38:00.0000000;1;Havale / EFT;Kargoda
258;21507;5412;2026-01-24 22:28:00.0000000;1;Kredi Kartı;Kargoda
259;14581;10041;2026-02-01 22:10:00.0000000;2;Kredi Kartı;Kargoda
260;11808;5384;2026-02-17 17:58:00.0000000;1;Kredi Kartı;Tamamlandı
261;6742;3267;2026-01-05 02:54:00.0000000;2;Kredi Kartı;Tamamlandı
262;739;3027;2026-01-20 06:08:00.0000000;3;Banka Kartı;Tamamlandı
263;9953;11246;2026-02-13 10:24:00.0000000;1;Banka Kartı;Tamamlandı
264;2613;6587;2026-02-17 01:52:00.0000000;3;Kapıda Ödeme;Tamamlandı
265;11618;2048;2026-01-15 12:34:00.0000000;1;Havale / EFT;Tamamlandı
266;13594;13470;2026-02-12 11:45:00.0000000;3;Havale / EFT;Kargoda
267;18991;2531;2026-02-14 01:18:00.0000000;1;Kredi Kartı;Tamamlandı
268;18894;2522;2026-02-11 08:38:00.0000000;1;Kredi Kartı;Kargoda
269;114;14626;2026-02-01 23:35:00.0000000;1;Kredi Kartı;Kargoda
270;4017;581;2026-02-06 19:28:00.0000000;3;Banka Kartı;Tamamlandı
271;9115;15461;2026-02-17 04:38:00.0000000;1;Kredi Kartı;Hazırlanıyor
272;16927;15666;2026-01-06 17:50:00.0000000;2;Kapıda Ödeme;Tamamlandı
273;1380;16442;2026-01-08 19:20:00.0000000;1;Kredi Kartı;Tamamlandı
274;12850;557;2026-02-12 21:17:00.0000000;1;Kredi Kartı;Kargoda
275;8486;16676;2026-02-11 00:06:00.0000000;1;Havale / EFT;Tamamlandı
276;20787;16318;2026-01-19 22:23:00.0000000;1;Kredi Kartı;Tamamlandı
277;16336;9104;2026-01-18 02:08:00.0000000;2;Kredi Kartı;Kargoda
278;16533;13973;2026-01-26 04:58:00.0000000;2;Banka Kartı;Tamamlandı
279;7633;12826;2026-02-06 16:35:00.0000000;1;Kredi Kartı;Kargoda
280;9303;446;2026-02-19 22:24:00.0000000;1;Kapıda Ödeme;Kargoda
281;18938;12254;2026-01-07 12:12:00.0000000;1;Kredi Kartı;Tamamlandı
282;20860;4410;2026-02-10 22:37:00.0000000;1;Kredi Kartı;Tamamlandı
283;13029;9276;2026-02-05 17:19:00.0000000;2;Banka Kartı;Tamamlandı
284;6283;6056;2026-02-02 12:20:00.0000000;1;Havale / EFT;Tamamlandı
285;8767;13293;2026-01-22 18:41:00.0000000;4;Havale / EFT;Tamamlandı
286;12943;14259;2026-02-07 05:53:00.0000000;1;Banka Kartı;Tamamlandı
287;14004;11563;2026-01-11 00:24:00.0000000;1;Havale / EFT;Tamamlandı
288;13438;961;2026-02-18 04:32:00.0000000;1;Kredi Kartı;Tamamlandı
289;9783;7514;2026-01-10 20:56:00.0000000;2;Kredi Kartı;Tamamlandı
290;10709;17857;2026-01-07 14:46:00.0000000;1;Kredi Kartı;İptal
291;4988;13068;2026-01-15 11:17:00.0000000;2;Kredi Kartı;İptal
292;2221;13887;2026-02-02 22:50:00.0000000;1;Kredi Kartı;Hazırlanıyor
293;18354;14695;2026-01-09 06:23:00.0000000;3;Kapıda Ödeme;Tamamlandı
294;7282;16429;2026-01-10 14:47:00.0000000;3;Banka Kartı;Tamamlandı
295;6784;8922;2026-02-03 07:56:00.0000000;1;Kapıda Ödeme;Kargoda
296;18893;6159;2026-01-26 22:44:00.0000000;1;Kredi Kartı;Kargoda
297;14655;13653;2026-01-29 13:51:00.0000000;2;Kredi Kartı;Tamamlandı
298;9508;6107;2026-01-23 05:55:00.0000000;1;Kredi Kartı;Tamamlandı
299;9075;2794;2026-02-14 08:37:00.0000000;2;Kredi Kartı;Tamamlandı
300;5535;17332;2026-02-13 15:36:00.0000000;2;Kredi Kartı;Tamamlandı
301;12309;1827;2026-02-14 23:09:00.0000000;1;Kredi Kartı;Tamamlandı
302;8287;8887;2026-02-18 19:52:00.0000000;1;Banka Kartı;Tamamlandı
303;7713;2834;2026-02-14 09:18:00.0000000;1;Banka Kartı;Tamamlandı
304;17270;10929;2026-01-12 21:48:00.0000000;1;Banka Kartı;Tamamlandı
305;601;1860;2026-02-03 00:22:00.0000000;2;Kredi Kartı;Tamamlandı
306;5071;3026;2026-02-10 01:40:00.0000000;2;Banka Kartı;Kargoda
307;537;14402;2026-02-08 19:53:00.0000000;2;Kredi Kartı;İptal
308;11398;16742;2026-01-16 19:28:00.0000000;3;Havale / EFT;Tamamlandı
309;425;16419;2026-02-08 21:47:00.0000000;3;Kredi Kartı;Hazırlanıyor
310;1683;1708;2026-02-12 04:18:00.0000000;3;Banka Kartı;Tamamlandı
311;8614;6236;2026-01-01 18:12:00.0000000;3;Banka Kartı;Tamamlandı
312;7786;16897;2026-01-08 05:08:00.0000000;2;Banka Kartı;Tamamlandı
313;17792;11770;2026-02-01 13:59:00.0000000;1;Banka Kartı;Tamamlandı
314;11851;3778;2026-01-19 08:21:00.0000000;2;Havale / EFT;Tamamlandı
315;5410;11631;2026-01-05 22:06:00.0000000;1;Kredi Kartı;Kargoda
316;7459;228;2026-01-03 17:45:00.0000000;3;Banka Kartı;Tamamlandı
317;20982;7011;2026-01-15 03:36:00.0000000;2;Banka Kartı;Tamamlandı
318;6096;225;2026-01-24 23:38:00.0000000;2;Havale / EFT;Tamamlandı
319;13848;14544;2026-01-30 23:30:00.0000000;1;Banka Kartı;Kargoda
320;13778;13256;2026-01-19 00:17:00.0000000;4;Kredi Kartı;Tamamlandı
321;15982;13501;2026-02-03 11:46:00.0000000;1;Banka Kartı;Tamamlandı
322;3952;7962;2026-01-11 20:15:00.0000000;3;Banka Kartı;Kargoda
323;8820;2105;2026-02-18 02:13:00.0000000;2;Banka Kartı;Tamamlandı
324;16054;7946;2026-01-14 01:11:00.0000000;4;Banka Kartı;Tamamlandı
325;21448;11424;2026-01-01 16:21:00.0000000;1;Banka Kartı;Tamamlandı
326;11968;16568;2026-02-04 19:34:00.0000000;2;Kredi Kartı;Tamamlandı
327;19509;8145;2026-01-30 19:17:00.0000000;1;Havale / EFT;Tamamlandı
328;9668;14838;2026-01-02 00:28:00.0000000;2;Banka Kartı;Tamamlandı
329;15955;2843;2026-01-03 06:15:00.0000000;1;Kapıda Ödeme;Tamamlandı
330;11670;6896;2026-01-06 02:43:00.0000000;2;Banka Kartı;Tamamlandı
331;435;12596;2026-01-18 21:16:00.0000000;4;Banka Kartı;Hazırlanıyor
332;4745;15182;2026-02-20 06:51:00.0000000;3;Kredi Kartı;Tamamlandı
333;12956;6277;2026-01-20 08:05:00.0000000;1;Kapıda Ödeme;Tamamlandı
334;10116;610;2026-02-10 19:56:00.0000000;2;Kapıda Ödeme;Tamamlandı
335;420;9876;2026-01-22 04:55:00.0000000;1;Kredi Kartı;Tamamlandı
336;18541;10652;2026-01-13 10:07:00.0000000;1;Kredi Kartı;Hazırlanıyor
337;1245;3661;2026-01-06 22:24:00.0000000;1;Kredi Kartı;Tamamlandı
338;19905;3108;2026-01-18 17:29:00.0000000;1;Kredi Kartı;Tamamlandı
339;21522;14930;2026-02-18 23:10:00.0000000;1;Kredi Kartı;Tamamlandı
340;7578;7359;2026-01-19 03:49:00.0000000;1;Banka Kartı;Tamamlandı
341;1401;15948;2026-02-03 13:57:00.0000000;2;Havale / EFT;Tamamlandı
342;20673;760;2026-02-19 12:28:00.0000000;2;Kredi Kartı;Tamamlandı
343;9042;11280;2026-01-12 02:06:00.0000000;1;Banka Kartı;Hazırlanıyor
344;17729;4173;2026-01-26 08:51:00.0000000;2;Kapıda Ödeme;Kargoda
345;11811;17506;2026-02-08 07:26:00.0000000;2;Banka Kartı;Tamamlandı
346;12265;16596;2026-02-06 19:28:00.0000000;4;Banka Kartı;Tamamlandı
347;6712;7186;2026-01-16 14:28:00.0000000;4;Kredi Kartı;Tamamlandı
348;9231;4951;2026-01-01 12:19:00.0000000;2;Kapıda Ödeme;Tamamlandı
349;16588;8359;2026-01-06 20:39:00.0000000;2;Havale / EFT;Tamamlandı
350;3344;10184;2026-02-16 13:19:00.0000000;1;Havale / EFT;Tamamlandı
351;10018;7039;2026-01-02 06:10:00.0000000;1;Havale / EFT;Tamamlandı
352;14579;16666;2026-01-04 04:43:00.0000000;1;Kredi Kartı;Tamamlandı
353;16303;5857;2026-01-13 17:27:00.0000000;1;Havale / EFT;Kargoda
354;8081;14872;2026-01-08 21:55:00.0000000;1;Kapıda Ödeme;Hazırlanıyor
355;14759;6851;2026-02-15 05:08:00.0000000;1;Havale / EFT;Tamamlandı
356;17695;3533;2026-01-18 16:54:00.0000000;1;Kredi Kartı;Tamamlandı
357;14483;9731;2026-02-05 06:27:00.0000000;2;Kredi Kartı;Tamamlandı
358;15787;11479;2026-01-28 09:00:00.0000000;2;Kapıda Ödeme;Hazırlanıyor
359;15182;494;2026-01-23 17:30:00.0000000;1;Banka Kartı;Tamamlandı
360;6057;13828;2026-01-15 15:26:00.0000000;1;Banka Kartı;Tamamlandı
361;10302;7249;2026-01-03 03:35:00.0000000;1;Banka Kartı;Kargoda
362;15801;246;2026-01-03 06:41:00.0000000;1;Kredi Kartı;Tamamlandı
363;2918;13501;2026-02-02 23:14:00.0000000;1;Kredi Kartı;Tamamlandı
364;8311;2767;2026-01-03 01:35:00.0000000;1;Havale / EFT;Kargoda
365;885;1976;2026-02-08 03:38:00.0000000;3;Kredi Kartı;Hazırlanıyor
366;17291;2337;2026-01-28 20:23:00.0000000;1;Kredi Kartı;Hazırlanıyor
367;14950;6124;2026-01-07 09:00:00.0000000;4;Banka Kartı;Tamamlandı
368;2340;1761;2026-01-14 15:41:00.0000000;1;Havale / EFT;Tamamlandı
369;17432;8600;2026-01-16 13:17:00.0000000;1;Kredi Kartı;Tamamlandı
370;19341;753;2026-01-08 02:24:00.0000000;1;Kapıda Ödeme;Tamamlandı
371;7314;13635;2026-02-08 04:12:00.0000000;4;Banka Kartı;Tamamlandı
372;7524;12714;2026-01-31 17:53:00.0000000;1;Kredi Kartı;Tamamlandı
373;9740;2292;2026-01-02 07:55:00.0000000;1;Kredi Kartı;Tamamlandı
374;21933;6535;2026-02-09 08:29:00.0000000;3;Banka Kartı;Tamamlandı
375;16877;1053;2026-02-11 18:52:00.0000000;1;Banka Kartı;Tamamlandı
376;121;6203;2026-01-14 13:08:00.0000000;1;Havale / EFT;Tamamlandı
377;11086;6953;2026-01-29 10:56:00.0000000;1;Kredi Kartı;Tamamlandı
378;12676;16786;2026-01-07 02:22:00.0000000;1;Havale / EFT;Hazırlanıyor
379;9342;13985;2026-01-21 19:50:00.0000000;5;Kredi Kartı;Tamamlandı
380;2326;8538;2026-01-11 04:40:00.0000000;1;Kredi Kartı;Tamamlandı
381;14210;12953;2026-02-10 22:18:00.0000000;1;Kredi Kartı;Tamamlandı
382;16764;7938;2026-01-21 22:03:00.0000000;1;Banka Kartı;Tamamlandı
383;18483;6742;2026-02-18 14:36:00.0000000;2;Kredi Kartı;Tamamlandı
384;1907;14341;2026-02-08 09:11:00.0000000;1;Kredi Kartı;Tamamlandı
385;18928;8650;2026-01-19 04:17:00.0000000;1;Kredi Kartı;İptal
386;5127;17906;2026-01-31 17:12:00.0000000;1;Kredi Kartı;Hazırlanıyor
387;1305;2877;2026-01-20 14:37:00.0000000;1;Banka Kartı;Tamamlandı
388;17611;3898;2026-01-24 19:48:00.0000000;1;Kredi Kartı;Tamamlandı
389;238;17899;2026-01-29 19:53:00.0000000;2;Banka Kartı;Tamamlandı
390;862;15400;2026-01-07 21:54:00.0000000;1;Kredi Kartı;Hazırlanıyor
391;20697;3983;2026-02-17 11:30:00.0000000;1;Kredi Kartı;Tamamlandı
392;1232;3628;2026-01-22 02:51:00.0000000;4;Havale / EFT;Tamamlandı
393;13854;9670;2026-02-07 16:41:00.0000000;2;Kapıda Ödeme;İptal
394;9685;1362;2026-01-29 00:54:00.0000000;1;Banka Kartı;Tamamlandı
395;7411;17174;2026-01-16 03:15:00.0000000;1;Banka Kartı;Tamamlandı
396;17517;16984;2026-02-19 09:42:00.0000000;1;Banka Kartı;Tamamlandı
397;17050;2750;2026-02-03 14:35:00.0000000;1;Kredi Kartı;Tamamlandı
398;11177;16297;2026-02-13 23:59:00.0000000;1;Kredi Kartı;Hazırlanıyor
399;13227;8954;2026-01-23 22:27:00.0000000;2;Kredi Kartı;Tamamlandı
400;11901;13032;2026-02-17 09:03:00.0000000;2;Kredi Kartı;Tamamlandı
401;3341;17791;2026-01-14 17:57:00.0000000;4;Kredi Kartı;Tamamlandı
402;9529;16270;2026-02-16 07:56:00.0000000;2;Kredi Kartı;Tamamlandı
403;16080;16616;2026-02-11 02:54:00.0000000;4;Banka Kartı;İptal
404;9443;13804;2026-01-23 08:22:00.0000000;2;Banka Kartı;Tamamlandı
405;15680;6610;2026-01-02 17:26:00.0000000;1;Kredi Kartı;Kargoda
406;21995;15511;2026-01-16 20:50:00.0000000;4;Kredi Kartı;Tamamlandı
407;5154;8682;2026-02-10 01:56:00.0000000;1;Kredi Kartı;Tamamlandı
408;9557;7823;2026-02-03 13:21:00.0000000;2;Havale / EFT;Hazırlanıyor
409;6819;3786;2026-02-06 22:02:00.0000000;2;Kredi Kartı;Tamamlandı
410;10245;4369;2026-01-21 18:25:00.0000000;1;Kredi Kartı;Tamamlandı
411;10363;12408;2026-01-21 13:49:00.0000000;3;Havale / EFT;Tamamlandı
412;728;8288;2026-01-15 17:36:00.0000000;1;Kredi Kartı;Tamamlandı
413;20095;17243;2026-02-09 16:45:00.0000000;1;Havale / EFT;Tamamlandı
414;20195;6140;2026-01-06 11:45:00.0000000;2;Havale / EFT;Hazırlanıyor
415;1664;6395;2026-02-06 20:29:00.0000000;1;Kredi Kartı;Hazırlanıyor
416;19648;13076;2026-02-14 14:55:00.0000000;2;Kredi Kartı;Tamamlandı
417;448;14917;2026-01-21 05:30:00.0000000;1;Havale / EFT;Kargoda
418;19644;9025;2026-01-17 23:27:00.0000000;1;Havale / EFT;Kargoda
419;862;11251;2026-01-22 20:28:00.0000000;1;Kredi Kartı;Tamamlandı
420;6378;918;2026-02-16 11:42:00.0000000;1;Kredi Kartı;Tamamlandı
421;20605;2659;2026-01-25 00:42:00.0000000;1;Kredi Kartı;Tamamlandı
422;2824;10323;2026-02-12 17:42:00.0000000;1;Havale / EFT;Tamamlandı
423;13358;4068;2026-01-23 03:52:00.0000000;1;Banka Kartı;Tamamlandı
424;8881;10754;2026-02-08 14:07:00.0000000;1;Kredi Kartı;Kargoda
425;17905;742;2026-02-06 04:04:00.0000000;1;Banka Kartı;Tamamlandı
426;20291;11052;2026-02-10 01:11:00.0000000;1;Kapıda Ödeme;Tamamlandı
427;3542;4517;2026-02-15 20:52:00.0000000;1;Kredi Kartı;Tamamlandı
428;7012;5072;2026-02-12 18:08:00.0000000;2;Banka Kartı;Tamamlandı
429;1752;3613;2026-01-14 03:12:00.0000000;3;Banka Kartı;Tamamlandı
430;3298;14817;2026-01-04 12:03:00.0000000;1;Kredi Kartı;Tamamlandı
431;16017;13767;2026-02-11 20:20:00.0000000;3;Banka Kartı;Tamamlandı
432;8015;8659;2026-01-08 05:38:00.0000000;2;Kredi Kartı;Tamamlandı
433;14809;13128;2026-01-09 10:28:00.0000000;1;Kredi Kartı;Tamamlandı
434;13794;1686;2026-01-15 13:08:00.0000000;2;Kredi Kartı;Tamamlandı
435;3222;39;2026-01-15 03:59:00.0000000;2;Kredi Kartı;Tamamlandı
436;1582;11966;2026-01-16 02:36:00.0000000;2;Kapıda Ödeme;Hazırlanıyor
437;19908;11733;2026-02-12 09:05:00.0000000;2;Kapıda Ödeme;Tamamlandı
438;14508;11799;2026-02-15 04:41:00.0000000;2;Banka Kartı;Tamamlandı
439;14838;3953;2026-02-15 14:12:00.0000000;1;Banka Kartı;Tamamlandı
440;17253;16667;2026-01-25 12:19:00.0000000;1;Kapıda Ödeme;Tamamlandı
441;3275;2708;2026-01-05 09:43:00.0000000;1;Kredi Kartı;Tamamlandı
442;8295;10243;2026-01-01 06:39:00.0000000;1;Kredi Kartı;Tamamlandı
443;9079;6486;2026-01-30 12:19:00.0000000;1;Havale / EFT;Tamamlandı
444;21245;7936;2026-02-07 19:51:00.0000000;3;Banka Kartı;Hazırlanıyor
445;21651;9610;2026-01-02 03:53:00.0000000;2;Banka Kartı;Tamamlandı
446;8152;14965;2026-01-02 07:57:00.0000000;3;Kredi Kartı;Tamamlandı
447;295;4724;2026-02-10 08:54:00.0000000;2;Kredi Kartı;Tamamlandı
448;19807;3734;2026-01-22 13:29:00.0000000;2;Havale / EFT;Tamamlandı
449;2540;15130;2026-01-19 21:34:00.0000000;4;Banka Kartı;Kargoda
450;6152;15451;2026-01-15 18:21:00.0000000;3;Kredi Kartı;Tamamlandı
451;6120;13563;2026-01-31 13:13:00.0000000;1;Banka Kartı;Hazırlanıyor
452;17567;9610;2026-01-04 11:20:00.0000000;1;Havale / EFT;Kargoda
453;15016;12901;2026-01-05 17:26:00.0000000;1;Kredi Kartı;Tamamlandı
454;19737;3739;2026-02-06 08:04:00.0000000;3;Banka Kartı;Tamamlandı
455;14626;4680;2026-02-15 10:39:00.0000000;1;Kredi Kartı;Tamamlandı
456;10883;8348;2026-01-21 16:17:00.0000000;2;Havale / EFT;Hazırlanıyor
457;18302;10364;2026-02-14 19:54:00.0000000;1;Kredi Kartı;Tamamlandı
458;9555;10793;2026-01-22 12:08:00.0000000;1;Kredi Kartı;İptal
459;5961;2278;2026-01-12 01:25:00.0000000;1;Kapıda Ödeme;Kargoda
460;9531;1150;2026-01-09 00:30:00.0000000;1;Kredi Kartı;Tamamlandı
461;17145;17923;2026-01-02 12:57:00.0000000;1;Banka Kartı;Tamamlandı
462;2367;4649;2026-02-16 05:44:00.0000000;6;Kredi Kartı;Hazırlanıyor
463;13496;12151;2026-02-09 15:42:00.0000000;1;Banka Kartı;Tamamlandı
464;9252;11377;2026-01-19 06:02:00.0000000;1;Banka Kartı;Tamamlandı
465;14166;328;2026-01-29 19:11:00.0000000;2;Kapıda Ödeme;Tamamlandı
466;16154;7207;2026-02-02 18:45:00.0000000;2;Kredi Kartı;Kargoda
467;7103;5872;2026-01-10 21:59:00.0000000;1;Banka Kartı;Tamamlandı
468;17780;15920;2026-01-08 01:13:00.0000000;1;Kredi Kartı;Hazırlanıyor
469;1747;5927;2026-01-15 13:24:00.0000000;1;Kapıda Ödeme;Tamamlandı
470;353;2418;2026-01-19 21:33:00.0000000;4;Kredi Kartı;Tamamlandı
471;12093;13718;2026-02-02 20:36:00.0000000;4;Banka Kartı;Tamamlandı
472;19281;5326;2026-02-13 17:09:00.0000000;1;Kredi Kartı;Tamamlandı
473;16722;10929;2026-02-15 05:07:00.0000000;1;Kredi Kartı;Tamamlandı
474;568;3259;2026-02-06 03:50:00.0000000;1;Kredi Kartı;Tamamlandı
475;1970;15451;2026-01-07 22:08:00.0000000;1;Kredi Kartı;Tamamlandı
476;1957;12773;2026-01-16 21:04:00.0000000;1;Kredi Kartı;Kargoda
477;14743;4976;2026-02-09 09:13:00.0000000;1;Kredi Kartı;Tamamlandı
478;17696;6198;2026-02-14 10:59:00.0000000;2;Kredi Kartı;Tamamlandı
479;16621;2268;2026-01-22 06:10:00.0000000;2;Havale / EFT;Tamamlandı
480;3537;8399;2026-01-30 11:14:00.0000000;1;Kredi Kartı;Tamamlandı
481;15074;16944;2026-01-05 22:14:00.0000000;1;Havale / EFT;Kargoda
482;21456;6426;2026-01-04 21:27:00.0000000;3;Kredi Kartı;Hazırlanıyor
483;10395;10790;2026-01-22 14:38:00.0000000;2;Kredi Kartı;Hazırlanıyor
484;7003;15478;2026-02-15 16:37:00.0000000;1;Kapıda Ödeme;Tamamlandı
485;5767;17435;2026-02-08 01:40:00.0000000;1;Banka Kartı;İptal
486;8968;15192;2026-01-06 07:19:00.0000000;1;Kredi Kartı;Tamamlandı
487;19314;12160;2026-01-03 11:46:00.0000000;1;Kredi Kartı;Tamamlandı
488;2715;6754;2026-02-14 15:27:00.0000000;1;Kredi Kartı;Tamamlandı
489;18000;12963;2026-01-29 14:52:00.0000000;1;Kredi Kartı;Tamamlandı
490;899;6107;2026-01-26 19:00:00.0000000;1;Banka Kartı;Tamamlandı
491;7418;13111;2026-01-12 09:58:00.0000000;1;Banka Kartı;Tamamlandı
492;492;2108;2026-01-20 00:47:00.0000000;2;Havale / EFT;Tamamlandı
493;17538;2329;2026-01-10 23:24:00.0000000;4;Kapıda Ödeme;Kargoda
494;716;15382;2026-01-31 17:56:00.0000000;1;Banka Kartı;Hazırlanıyor
495;20841;3453;2026-01-08 18:40:00.0000000;1;Banka Kartı;Tamamlandı
496;8320;16016;2026-01-10 09:28:00.0000000;2;Banka Kartı;Tamamlandı
497;8559;5018;2026-01-28 09:19:00.0000000;1;Banka Kartı;Tamamlandı
498;13983;5269;2026-01-10 01:09:00.0000000;2;Banka Kartı;Tamamlandı
499;11841;7512;2026-02-05 18:50:00.0000000;1;Kredi Kartı;Tamamlandı
500;10454;12393;2026-01-03 19:21:00.0000000;1;Kredi Kartı;Tamamlandı
501;16992;17597;2026-01-09 21:36:00.0000000;1;Kredi Kartı;Tamamlandı
502;11400;13632;2026-01-27 01:22:00.0000000;3;Kredi Kartı;Tamamlandı
503;4283;13289;2026-02-04 16:49:00.0000000;1;Banka Kartı;Kargoda
504;7539;12998;2026-02-14 20:43:00.0000000;1;Havale / EFT;Tamamlandı
505;10641;16613;2026-01-31 04:45:00.0000000;1;Kredi Kartı;Tamamlandı
506;8009;2408;2026-01-25 13:58:00.0000000;4;Kredi Kartı;Tamamlandı
507;87;17276;2026-02-13 15:28:00.0000000;1;Kredi Kartı;Tamamlandı
508;6770;3005;2026-01-18 14:54:00.0000000;1;Banka Kartı;Tamamlandı
509;15654;4426;2026-02-09 13:14:00.0000000;1;Banka Kartı;Tamamlandı
510;15500;6165;2026-01-08 06:05:00.0000000;1;Kredi Kartı;Tamamlandı
511;13787;14824;2026-02-07 07:23:00.0000000;1;Kredi Kartı;Kargoda
512;15480;14633;2026-01-12 06:25:00.0000000;1;Kredi Kartı;İptal
513;13656;3514;2026-02-20 23:14:00.0000000;1;Banka Kartı;Kargoda
514;21095;1913;2026-02-01 08:45:00.0000000;1;Banka Kartı;Tamamlandı
515;9727;6207;2026-01-23 22:21:00.0000000;3;Banka Kartı;Tamamlandı
516;7115;13596;2026-02-11 21:45:00.0000000;2;Kapıda Ödeme;Tamamlandı
517;2375;11667;2026-01-14 16:45:00.0000000;1;Banka Kartı;Hazırlanıyor
518;4299;10400;2026-01-07 18:33:00.0000000;2;Havale / EFT;Tamamlandı
519;11873;8148;2026-01-23 05:52:00.0000000;1;Banka Kartı;Tamamlandı
520;13986;10574;2026-01-31 09:19:00.0000000;1;Banka Kartı;Kargoda
521;12576;236;2026-02-19 15:45:00.0000000;2;Banka Kartı;Tamamlandı
522;20689;1303;2026-01-26 18:04:00.0000000;2;Kapıda Ödeme;Tamamlandı
523;3823;17651;2026-01-04 11:21:00.0000000;1;Kredi Kartı;Tamamlandı
524;1084;6871;2026-01-18 09:11:00.0000000;3;Banka Kartı;Tamamlandı
525;14178;1855;2026-01-14 02:12:00.0000000;3;Kredi Kartı;Kargoda
526;4540;10432;2026-01-28 00:03:00.0000000;2;Kredi Kartı;Tamamlandı
527;7044;16749;2026-02-13 00:15:00.0000000;1;Kredi Kartı;Tamamlandı
528;6002;2420;2026-01-08 02:58:00.0000000;1;Kredi Kartı;Kargoda
529;3137;10876;2026-02-10 23:35:00.0000000;1;Kredi Kartı;Kargoda
530;18302;7152;2026-02-12 19:22:00.0000000;3;Kredi Kartı;Tamamlandı
531;9962;11381;2026-01-30 05:48:00.0000000;1;Banka Kartı;Tamamlandı
532;9479;13870;2026-01-14 05:20:00.0000000;3;Kredi Kartı;Hazırlanıyor
533;19397;6991;2026-02-08 09:23:00.0000000;1;Banka Kartı;Tamamlandı
534;18559;14203;2026-01-11 19:02:00.0000000;1;Kredi Kartı;Kargoda
535;19549;16010;2026-01-10 21:19:00.0000000;1;Kredi Kartı;Tamamlandı
536;2088;6971;2026-01-07 14:00:00.0000000;4;Havale / EFT;Tamamlandı
537;18018;17192;2026-02-12 11:44:00.0000000;1;Banka Kartı;Tamamlandı
538;14190;3971;2026-01-04 19:44:00.0000000;1;Kredi Kartı;Tamamlandı
539;11409;8775;2026-02-10 05:47:00.0000000;1;Banka Kartı;Tamamlandı
540;6040;311;2026-02-05 18:13:00.0000000;1;Kredi Kartı;Tamamlandı
541;15439;3435;2026-01-10 14:23:00.0000000;2;Banka Kartı;Tamamlandı
542;14395;15374;2026-01-14 04:55:00.0000000;1;Kredi Kartı;Tamamlandı
543;4782;9706;2026-01-22 08:00:00.0000000;2;Havale / EFT;Tamamlandı
544;5159;13763;2026-01-22 21:30:00.0000000;1;Kredi Kartı;Tamamlandı
545;18876;7874;2026-01-03 19:52:00.0000000;1;Kredi Kartı;Tamamlandı
546;34;12300;2026-01-26 05:32:00.0000000;1;Kapıda Ödeme;Tamamlandı
547;7676;2463;2026-02-14 05:16:00.0000000;1;Banka Kartı;Hazırlanıyor
548;15206;11655;2026-01-13 08:10:00.0000000;2;Havale / EFT;İptal
549;20373;5195;2026-01-18 07:16:00.0000000;1;Kapıda Ödeme;Kargoda
550;20447;8256;2026-01-05 08:51:00.0000000;1;Kredi Kartı;Tamamlandı
551;18702;12594;2026-01-24 01:25:00.0000000;1;Havale / EFT;Tamamlandı
552;4461;11305;2026-01-11 14:05:00.0000000;1;Havale / EFT;Tamamlandı
553;8198;1077;2026-01-29 10:38:00.0000000;2;Banka Kartı;Tamamlandı
554;13491;10926;2026-01-31 03:01:00.0000000;1;Banka Kartı;Tamamlandı
555;1972;7891;2026-01-24 15:03:00.0000000;1;Kapıda Ödeme;Tamamlandı
556;3355;3969;2026-02-06 15:20:00.0000000;1;Banka Kartı;Tamamlandı
557;11659;2453;2026-01-02 09:14:00.0000000;1;Kredi Kartı;Tamamlandı
558;10596;16644;2026-02-04 09:49:00.0000000;3;Kredi Kartı;Tamamlandı
559;18506;12098;2026-02-04 01:09:00.0000000;2;Kredi Kartı;Tamamlandı
560;21016;15776;2026-02-01 15:22:00.0000000;1;Banka Kartı;Kargoda
561;10202;4132;2026-02-11 07:19:00.0000000;1;Kredi Kartı;Tamamlandı
562;19382;6585;2026-02-12 09:13:00.0000000;1;Kredi Kartı;Tamamlandı
563;7377;11268;2026-02-14 15:45:00.0000000;6;Banka Kartı;Tamamlandı
564;6563;5056;2026-02-16 13:55:00.0000000;1;Banka Kartı;Tamamlandı
565;4754;1778;2026-02-15 02:25:00.0000000;5;Kredi Kartı;Tamamlandı
566;19025;10657;2026-01-06 21:04:00.0000000;3;Havale / EFT;Tamamlandı
567;3267;1493;2026-01-25 11:48:00.0000000;2;Havale / EFT;Tamamlandı
568;6192;13861;2026-01-27 05:27:00.0000000;1;Kapıda Ödeme;Tamamlandı
569;4978;11055;2026-01-21 20:00:00.0000000;1;Banka Kartı;Tamamlandı
570;17871;9491;2026-01-12 02:37:00.0000000;4;Banka Kartı;Tamamlandı
571;15372;5956;2026-02-12 06:14:00.0000000;2;Kredi Kartı;Kargoda
572;1631;8707;2026-02-06 23:48:00.0000000;1;Kredi Kartı;Tamamlandı
573;6617;917;2026-02-09 22:24:00.0000000;2;Kredi Kartı;Tamamlandı
574;20527;3211;2026-01-18 18:43:00.0000000;1;Havale / EFT;Hazırlanıyor
575;19896;554;2026-01-22 19:44:00.0000000;2;Banka Kartı;Tamamlandı
576;573;13490;2026-01-03 01:48:00.0000000;1;Havale / EFT;Tamamlandı
577;8942;14057;2026-01-10 10:02:00.0000000;1;Kredi Kartı;Tamamlandı
578;13587;10364;2026-02-08 07:10:00.0000000;4;Kredi Kartı;Tamamlandı
579;10940;14964;2026-01-22 07:29:00.0000000;1;Banka Kartı;İptal
580;3346;1429;2026-01-15 05:49:00.0000000;1;Kredi Kartı;Tamamlandı
581;14201;4169;2026-01-21 15:01:00.0000000;1;Havale / EFT;Kargoda
582;17406;17731;2026-01-13 20:22:00.0000000;3;Havale / EFT;Tamamlandı
583;6700;8738;2026-02-03 12:16:00.0000000;2;Havale / EFT;İptal
584;20276;16908;2026-01-14 07:25:00.0000000;1;Banka Kartı;Tamamlandı
585;3294;12257;2026-01-17 23:24:00.0000000;2;Banka Kartı;Tamamlandı
586;11912;6214;2026-01-18 17:57:00.0000000;2;Kredi Kartı;Tamamlandı
587;16492;17018;2026-01-25 18:53:00.0000000;2;Banka Kartı;Kargoda
588;16460;7861;2026-01-06 00:18:00.0000000;1;Havale / EFT;Tamamlandı
589;20960;543;2026-02-02 08:37:00.0000000;1;Kredi Kartı;Hazırlanıyor
590;18067;14629;2026-01-29 10:03:00.0000000;1;Banka Kartı;Kargoda
591;10671;17482;2026-01-23 22:55:00.0000000;1;Banka Kartı;Kargoda
592;20613;179;2026-01-16 15:10:00.0000000;3;Banka Kartı;Tamamlandı
593;18696;8618;2026-01-17 13:43:00.0000000;2;Havale / EFT;Tamamlandı
594;19541;14791;2026-01-15 11:45:00.0000000;3;Kredi Kartı;Tamamlandı
595;12487;4278;2026-02-19 10:12:00.0000000;1;Kapıda Ödeme;Tamamlandı
596;19111;9072;2026-02-14 21:27:00.0000000;2;Kredi Kartı;Kargoda
597;1784;7534;2026-01-21 01:05:00.0000000;1;Kredi Kartı;Tamamlandı
598;15915;4303;2026-02-09 09:43:00.0000000;2;Kredi Kartı;Hazırlanıyor
599;9751;3577;2026-02-02 11:42:00.0000000;1;Banka Kartı;Tamamlandı
600;6441;5326;2026-02-10 00:50:00.0000000;2;Havale / EFT;Tamamlandı
601;6590;10196;2026-02-17 09:47:00.0000000;1;Banka Kartı;Hazırlanıyor
602;17197;8795;2026-01-25 11:43:00.0000000;1;Kredi Kartı;Tamamlandı
603;8855;15157;2026-02-14 09:17:00.0000000;1;Kredi Kartı;Tamamlandı
604;14219;6734;2026-02-17 20:08:00.0000000;4;Kredi Kartı;Tamamlandı
605;612;11659;2026-02-20 06:40:00.0000000;1;Kredi Kartı;Tamamlandı
606;16229;8103;2026-01-31 10:10:00.0000000;1;Kredi Kartı;İptal
607;6053;1338;2026-01-04 19:21:00.0000000;2;Havale / EFT;Tamamlandı
608;21211;12079;2026-02-13 21:19:00.0000000;1;Banka Kartı;Tamamlandı
609;7742;9093;2026-01-07 20:50:00.0000000;3;Kredi Kartı;Tamamlandı
610;5650;17407;2026-01-15 10:31:00.0000000;1;Banka Kartı;Tamamlandı
611;12030;2646;2026-02-05 12:35:00.0000000;1;Kapıda Ödeme;Tamamlandı
612;2847;16524;2026-01-08 17:39:00.0000000;1;Kredi Kartı;Tamamlandı
613;5412;17948;2026-01-15 20:02:00.0000000;4;Havale / EFT;Tamamlandı
614;12756;1685;2026-01-11 16:40:00.0000000;1;Kredi Kartı;Tamamlandı
615;7667;637;2026-01-28 11:12:00.0000000;1;Kredi Kartı;Tamamlandı
616;16281;7372;2026-01-13 02:03:00.0000000;1;Kredi Kartı;Tamamlandı
617;21123;12605;2026-01-10 10:21:00.0000000;1;Kredi Kartı;İptal
618;8424;1292;2026-02-20 13:14:00.0000000;2;Banka Kartı;Tamamlandı
619;17580;17125;2026-01-04 10:00:00.0000000;1;Havale / EFT;Tamamlandı
620;469;10321;2026-01-09 11:29:00.0000000;1;Kredi Kartı;Kargoda
621;10218;7785;2026-01-31 12:47:00.0000000;2;Kapıda Ödeme;Tamamlandı
622;4794;3648;2026-02-18 20:10:00.0000000;1;Havale / EFT;Tamamlandı
623;8660;10128;2026-01-13 08:40:00.0000000;1;Kapıda Ödeme;İptal
624;11384;2235;2026-01-10 06:35:00.0000000;1;Banka Kartı;Tamamlandı
625;506;14868;2026-02-04 23:54:00.0000000;1;Banka Kartı;İptal
626;21252;13372;2026-02-01 02:54:00.0000000;3;Kredi Kartı;Tamamlandı
627;4563;3867;2026-02-17 22:39:00.0000000;1;Banka Kartı;Tamamlandı
628;15626;2171;2026-01-12 04:34:00.0000000;1;Kredi Kartı;Tamamlandı
629;3596;14185;2026-02-14 07:28:00.0000000;1;Banka Kartı;Kargoda
630;12229;14731;2026-01-02 19:56:00.0000000;4;Kredi Kartı;Kargoda
631;17683;10510;2026-02-04 17:50:00.0000000;2;Banka Kartı;Tamamlandı
632;11578;5236;2026-01-12 06:34:00.0000000;2;Banka Kartı;Kargoda
633;11341;6392;2026-01-05 13:48:00.0000000;2;Banka Kartı;Tamamlandı
634;1146;16793;2026-02-18 03:46:00.0000000;1;Kredi Kartı;Tamamlandı
635;6348;13503;2026-02-06 11:45:00.0000000;1;Banka Kartı;Kargoda
636;17768;16468;2026-02-16 18:34:00.0000000;1;Kredi Kartı;Tamamlandı
637;6480;5298;2026-01-01 06:58:00.0000000;2;Kredi Kartı;Tamamlandı
638;1351;16260;2026-01-19 01:12:00.0000000;1;Banka Kartı;İptal
639;6438;14759;2026-01-07 09:33:00.0000000;1;Banka Kartı;Tamamlandı
640;2166;1193;2026-01-29 22:15:00.0000000;2;Kredi Kartı;Tamamlandı
641;2719;3598;2026-01-31 03:46:00.0000000;1;Kredi Kartı;Tamamlandı
642;14512;11538;2026-02-02 01:43:00.0000000;2;Banka Kartı;Tamamlandı
643;21687;341;2026-02-07 02:19:00.0000000;1;Havale / EFT;Kargoda
644;17099;17079;2026-02-14 08:30:00.0000000;1;Havale / EFT;Hazırlanıyor
645;8694;11783;2026-02-15 21:05:00.0000000;2;Banka Kartı;Tamamlandı
646;7244;8664;2026-01-02 20:18:00.0000000;1;Banka Kartı;Tamamlandı
647;6176;3162;2026-02-11 23:35:00.0000000;1;Kredi Kartı;Tamamlandı
648;11504;3793;2026-02-13 07:15:00.0000000;1;Banka Kartı;Tamamlandı
649;6166;3238;2026-01-14 20:42:00.0000000;1;Banka Kartı;Tamamlandı
650;11464;6603;2026-02-12 16:08:00.0000000;1;Banka Kartı;Tamamlandı
651;7445;7933;2026-01-15 14:49:00.0000000;3;Banka Kartı;Kargoda
652;8617;26;2026-01-19 02:27:00.0000000;1;Kredi Kartı;Tamamlandı
653;200;3731;2026-02-17 07:53:00.0000000;2;Kredi Kartı;Tamamlandı
654;4699;10196;2026-02-06 10:34:00.0000000;2;Havale / EFT;Kargoda
655;71;1616;2026-01-23 21:15:00.0000000;3;Havale / EFT;Tamamlandı
656;16979;7550;2026-02-13 13:50:00.0000000;3;Kredi Kartı;Tamamlandı
657;481;8937;2026-02-17 14:14:00.0000000;1;Kredi Kartı;Tamamlandı
658;6788;15285;2026-01-28 03:33:00.0000000;1;Havale / EFT;Tamamlandı
659;17442;2878;2026-02-18 00:51:00.0000000;1;Havale / EFT;Tamamlandı
660;9190;796;2026-01-19 15:01:00.0000000;1;Havale / EFT;Kargoda
661;19629;10726;2026-02-10 18:16:00.0000000;2;Kredi Kartı;Tamamlandı
662;9880;11587;2026-01-04 10:39:00.0000000;1;Kredi Kartı;Kargoda
663;11642;9732;2026-01-16 21:17:00.0000000;2;Kredi Kartı;Hazırlanıyor
664;5942;8714;2026-01-28 01:52:00.0000000;1;Banka Kartı;Tamamlandı
665;10958;13793;2026-01-07 17:19:00.0000000;1;Kredi Kartı;Tamamlandı
666;12195;17030;2026-01-08 03:38:00.0000000;2;Kredi Kartı;Tamamlandı
667;2942;10626;2026-01-25 15:21:00.0000000;2;Kredi Kartı;Tamamlandı
668;16358;2195;2026-02-07 01:11:00.0000000;2;Havale / EFT;Tamamlandı
669;14547;6043;2026-01-19 00:19:00.0000000;2;Havale / EFT;Tamamlandı
670;14316;13766;2026-01-24 02:14:00.0000000;3;Kredi Kartı;Tamamlandı
671;11313;11008;2026-02-18 14:42:00.0000000;1;Havale / EFT;İptal
672;9904;16470;2026-02-06 22:21:00.0000000;1;Banka Kartı;Tamamlandı
673;12694;4998;2026-02-20 09:14:00.0000000;1;Kapıda Ödeme;Tamamlandı
674;498;8455;2026-02-15 05:05:00.0000000;2;Kredi Kartı;Tamamlandı
675;5291;12506;2026-02-19 03:02:00.0000000;1;Banka Kartı;Kargoda
676;10993;2397;2026-02-09 00:20:00.0000000;1;Kredi Kartı;Hazırlanıyor
677;5718;17885;2026-01-13 12:57:00.0000000;2;Havale / EFT;Tamamlandı
678;19341;9801;2026-01-19 05:33:00.0000000;1;Kapıda Ödeme;Tamamlandı
679;3277;12774;2026-02-15 18:17:00.0000000;1;Kapıda Ödeme;Kargoda
680;4271;8036;2026-01-04 02:19:00.0000000;1;Kapıda Ödeme;Hazırlanıyor
681;14830;297;2026-01-10 03:54:00.0000000;1;Banka Kartı;Tamamlandı
682;13737;857;2026-02-18 21:00:00.0000000;1;Havale / EFT;Tamamlandı
683;7096;15055;2026-01-18 14:15:00.0000000;2;Kapıda Ödeme;Tamamlandı
684;19293;1720;2026-02-16 04:35:00.0000000;3;Kapıda Ödeme;Hazırlanıyor
685;8885;111;2026-01-07 03:18:00.0000000;1;Kapıda Ödeme;Tamamlandı
686;9336;3955;2026-01-30 07:36:00.0000000;2;Banka Kartı;İptal
687;11308;12729;2026-01-18 14:15:00.0000000;1;Kredi Kartı;Tamamlandı
688;9321;16852;2026-01-18 08:35:00.0000000;5;Kapıda Ödeme;Tamamlandı
689;9250;5121;2026-01-10 07:12:00.0000000;4;Kredi Kartı;Kargoda
690;6134;2580;2026-02-11 04:14:00.0000000;2;Kredi Kartı;Tamamlandı
691;11286;7933;2026-01-12 19:10:00.0000000;2;Kredi Kartı;Tamamlandı
692;1541;10268;2026-01-07 07:08:00.0000000;1;Kredi Kartı;Tamamlandı
693;20795;8849;2026-01-06 11:01:00.0000000;4;Kredi Kartı;Tamamlandı
694;9834;7814;2026-01-05 13:47:00.0000000;3;Kredi Kartı;Tamamlandı
695;6850;13197;2026-01-19 02:12:00.0000000;1;Kredi Kartı;Tamamlandı
696;15150;17459;2026-01-16 11:27:00.0000000;1;Kredi Kartı;Tamamlandı
697;20660;16276;2026-01-02 00:17:00.0000000;1;Havale / EFT;Tamamlandı
698;19013;11024;2026-01-31 06:51:00.0000000;1;Kredi Kartı;Kargoda
699;20365;12853;2026-01-22 13:25:00.0000000;1;Banka Kartı;Kargoda
700;2146;17891;2026-01-04 18:53:00.0000000;2;Kredi Kartı;Tamamlandı
701;12362;13971;2026-01-08 02:00:00.0000000;2;Banka Kartı;Tamamlandı
702;13592;12457;2026-02-06 07:53:00.0000000;1;Kredi Kartı;Tamamlandı
703;4894;17448;2026-01-24 06:03:00.0000000;3;Banka Kartı;Tamamlandı
704;819;8770;2026-01-18 05:47:00.0000000;2;Banka Kartı;Hazırlanıyor
705;21331;17678;2026-01-17 08:01:00.0000000;2;Kredi Kartı;Tamamlandı
706;4105;14334;2026-01-13 19:06:00.0000000;2;Havale / EFT;Tamamlandı
707;16494;12359;2026-02-08 22:40:00.0000000;2;Banka Kartı;İptal
708;19478;13920;2026-02-16 08:58:00.0000000;1;Banka Kartı;Kargoda
709;7538;7157;2026-01-28 01:40:00.0000000;1;Kapıda Ödeme;Tamamlandı
710;21467;14019;2026-01-28 20:09:00.0000000;1;Kredi Kartı;Hazırlanıyor
711;12185;5970;2026-02-09 20:46:00.0000000;1;Banka Kartı;Tamamlandı
712;17373;16257;2026-01-28 22:03:00.0000000;1;Kredi Kartı;Tamamlandı
713;11074;11206;2026-01-22 07:10:00.0000000;2;Kredi Kartı;Tamamlandı
714;3117;13835;2026-01-31 21:35:00.0000000;3;Kredi Kartı;Tamamlandı
715;17072;3298;2026-01-12 12:57:00.0000000;1;Banka Kartı;Kargoda
716;2857;13594;2026-01-02 07:10:00.0000000;2;Havale / EFT;Tamamlandı
717;4654;420;2026-01-30 20:18:00.0000000;1;Kredi Kartı;Tamamlandı
718;4607;12133;2026-02-03 03:53:00.0000000;1;Kredi Kartı;Tamamlandı
719;18324;15394;2026-02-20 05:13:00.0000000;1;Kredi Kartı;Tamamlandı
720;20841;2835;2026-02-12 22:10:00.0000000;3;Kredi Kartı;Tamamlandı
721;13056;17282;2026-02-06 16:04:00.0000000;2;Havale / EFT;Hazırlanıyor
722;21627;5539;2026-01-25 21:45:00.0000000;4;Kapıda Ödeme;İptal
723;16058;4735;2026-01-29 17:08:00.0000000;1;Kredi Kartı;Kargoda
724;10694;4756;2026-02-18 00:13:00.0000000;3;Banka Kartı;Tamamlandı
725;10579;8733;2026-02-18 18:14:00.0000000;2;Kapıda Ödeme;Hazırlanıyor
726;21270;12913;2026-01-18 18:13:00.0000000;3;Kredi Kartı;Hazırlanıyor
727;14362;15810;2026-01-15 21:14:00.0000000;2;Havale / EFT;Tamamlandı
728;13083;14149;2026-02-07 12:50:00.0000000;1;Kredi Kartı;İptal
729;20607;6323;2026-02-17 15:27:00.0000000;1;Banka Kartı;Tamamlandı
730;3658;11909;2026-01-15 05:40:00.0000000;4;Kredi Kartı;Tamamlandı
731;18139;16143;2026-02-04 12:19:00.0000000;2;Banka Kartı;Tamamlandı
732;16729;12023;2026-01-21 06:23:00.0000000;1;Havale / EFT;Tamamlandı
733;13168;17382;2026-01-22 02:44:00.0000000;1;Havale / EFT;Tamamlandı
734;13635;11565;2026-01-27 07:56:00.0000000;1;Havale / EFT;Tamamlandı
735;4502;12627;2026-02-05 12:58:00.0000000;1;Banka Kartı;Kargoda
736;9090;9475;2026-01-08 23:28:00.0000000;1;Banka Kartı;Tamamlandı
737;3239;12952;2026-01-10 21:27:00.0000000;4;Havale / EFT;Kargoda
738;7616;8379;2026-01-22 08:21:00.0000000;2;Banka Kartı;Tamamlandı
739;4259;12209;2026-02-07 03:24:00.0000000;5;Havale / EFT;Tamamlandı
740;9766;8738;2026-01-02 14:22:00.0000000;3;Kredi Kartı;Tamamlandı
741;15089;11529;2026-01-09 23:02:00.0000000;3;Kredi Kartı;Tamamlandı
742;1536;12382;2026-02-07 20:04:00.0000000;4;Kredi Kartı;Kargoda
743;16182;14171;2026-01-08 13:50:00.0000000;1;Banka Kartı;Tamamlandı
744;5047;7883;2026-02-10 02:20:00.0000000;2;Banka Kartı;Tamamlandı
745;20945;11869;2026-01-17 22:53:00.0000000;1;Banka Kartı;Tamamlandı
746;14250;188;2026-02-06 07:05:00.0000000;3;Banka Kartı;Tamamlandı
747;15713;13817;2026-01-21 05:22:00.0000000;2;Kapıda Ödeme;Tamamlandı
748;13440;5717;2026-01-17 21:27:00.0000000;3;Kredi Kartı;Hazırlanıyor
749;1276;9557;2026-01-30 08:35:00.0000000;2;Kredi Kartı;Kargoda
750;21534;13838;2026-01-26 08:41:00.0000000;1;Kredi Kartı;Tamamlandı
751;9196;10481;2026-02-04 22:21:00.0000000;1;Kredi Kartı;Tamamlandı
752;13476;1600;2026-01-20 16:57:00.0000000;1;Kapıda Ödeme;Tamamlandı
753;11793;11809;2026-01-18 07:46:00.0000000;3;Havale / EFT;Tamamlandı
754;270;650;2026-01-20 13:04:00.0000000;1;Kapıda Ödeme;Hazırlanıyor
755;11792;8267;2026-01-28 01:54:00.0000000;1;Banka Kartı;Tamamlandı
756;21104;1248;2026-02-16 22:44:00.0000000;2;Havale / EFT;Kargoda
757;10096;10012;2026-01-30 02:41:00.0000000;1;Banka Kartı;Tamamlandı
758;2516;6034;2026-01-08 14:37:00.0000000;3;Banka Kartı;Tamamlandı
759;7703;10882;2026-01-28 03:19:00.0000000;1;Kredi Kartı;Kargoda
760;19300;2352;2026-02-09 12:30:00.0000000;2;Kredi Kartı;Tamamlandı
761;20885;15577;2026-01-12 17:23:00.0000000;3;Kredi Kartı;Tamamlandı
762;7412;5872;2026-02-02 14:46:00.0000000;2;Kredi Kartı;Tamamlandı
763;15617;6297;2026-02-10 12:36:00.0000000;2;Banka Kartı;Kargoda
764;18807;9659;2026-02-18 19:08:00.0000000;1;Kredi Kartı;Tamamlandı
765;20308;2525;2026-01-13 07:45:00.0000000;1;Banka Kartı;Tamamlandı
766;7472;2805;2026-01-19 16:48:00.0000000;1;Havale / EFT;Hazırlanıyor
767;21801;11938;2026-01-23 19:31:00.0000000;2;Kredi Kartı;Hazırlanıyor
768;14474;14967;2026-01-10 07:32:00.0000000;1;Banka Kartı;Tamamlandı
769;6180;2175;2026-01-27 12:06:00.0000000;4;Havale / EFT;Tamamlandı
770;19526;17945;2026-01-17 17:29:00.0000000;1;Kredi Kartı;Tamamlandı
771;4915;293;2026-01-31 08:06:00.0000000;1;Banka Kartı;Tamamlandı
772;5192;5211;2026-01-07 09:48:00.0000000;1;Banka Kartı;Tamamlandı
773;13597;6222;2026-02-14 02:41:00.0000000;1;Havale / EFT;Hazırlanıyor
774;1748;7748;2026-02-16 02:27:00.0000000;3;Havale / EFT;Tamamlandı
775;15609;11628;2026-01-20 00:34:00.0000000;3;Banka Kartı;Tamamlandı
776;2717;3978;2026-02-09 10:09:00.0000000;1;Kredi Kartı;Tamamlandı
777;18736;1477;2026-02-01 12:22:00.0000000;2;Banka Kartı;Tamamlandı
778;9396;1959;2026-01-07 10:03:00.0000000;1;Kredi Kartı;Tamamlandı
779;1565;17854;2026-01-11 14:24:00.0000000;1;Kapıda Ödeme;Hazırlanıyor
780;19035;1709;2026-02-19 07:02:00.0000000;3;Kredi Kartı;Tamamlandı
781;16957;767;2026-01-24 16:22:00.0000000;4;Kredi Kartı;Kargoda
782;12689;9334;2026-02-05 08:06:00.0000000;1;Havale / EFT;Tamamlandı
783;618;14826;2026-01-01 08:17:00.0000000;1;Kredi Kartı;Hazırlanıyor
784;2076;11099;2026-02-06 12:33:00.0000000;1;Kredi Kartı;Hazırlanıyor
785;6711;3384;2026-02-13 03:54:00.0000000;1;Kredi Kartı;Tamamlandı
786;3300;883;2026-01-18 03:18:00.0000000;1;Banka Kartı;Tamamlandı
787;4058;14317;2026-01-11 03:43:00.0000000;1;Banka Kartı;Tamamlandı
788;2306;2876;2026-02-19 19:08:00.0000000;1;Havale / EFT;Kargoda
789;13635;6553;2026-01-04 02:39:00.0000000;3;Banka Kartı;Tamamlandı
790;10686;4698;2026-01-03 02:13:00.0000000;1;Kredi Kartı;Tamamlandı
791;9589;66;2026-01-25 09:27:00.0000000;3;Banka Kartı;Tamamlandı
792;20940;2491;2026-01-02 05:03:00.0000000;1;Kapıda Ödeme;Tamamlandı
793;11562;14268;2026-02-18 15:30:00.0000000;4;Banka Kartı;Hazırlanıyor
794;10589;16186;2026-01-26 01:44:00.0000000;2;Kapıda Ödeme;Tamamlandı
795;3072;16895;2026-01-26 00:39:00.0000000;1;Kredi Kartı;Tamamlandı
796;12264;4952;2026-02-11 02:00:00.0000000;2;Havale / EFT;Kargoda
797;14602;1098;2026-01-31 11:31:00.0000000;1;Kapıda Ödeme;Hazırlanıyor
798;20928;6282;2026-01-19 16:00:00.0000000;1;Kredi Kartı;Tamamlandı
799;7326;318;2026-02-07 10:46:00.0000000;3;Banka Kartı;Tamamlandı
800;13048;13631;2026-02-11 06:35:00.0000000;2;Banka Kartı;Hazırlanıyor
801;18997;9217;2026-01-28 04:07:00.0000000;1;Banka Kartı;Kargoda
802;17423;1223;2026-02-15 08:35:00.0000000;2;Kredi Kartı;Tamamlandı
803;3517;14810;2026-01-23 14:57:00.0000000;2;Havale / EFT;Tamamlandı
804;2029;14879;2026-01-16 09:10:00.0000000;1;Banka Kartı;Tamamlandı
805;7136;16821;2026-01-25 11:14:00.0000000;2;Kredi Kartı;Tamamlandı
806;3527;8108;2026-01-21 14:25:00.0000000;1;Kredi Kartı;Tamamlandı
807;18314;10246;2026-01-18 07:40:00.0000000;5;Havale / EFT;Tamamlandı
808;12052;12514;2026-01-05 12:42:00.0000000;4;Kapıda Ödeme;Hazırlanıyor
809;8717;4296;2026-01-11 12:13:00.0000000;2;Kredi Kartı;Tamamlandı
810;1864;413;2026-02-05 18:24:00.0000000;1;Banka Kartı;Tamamlandı
811;7105;7972;2026-01-18 17:51:00.0000000;3;Kredi Kartı;İptal
812;14645;11215;2026-02-02 09:29:00.0000000;2;Havale / EFT;Tamamlandı
813;21052;427;2026-01-28 00:17:00.0000000;1;Banka Kartı;Kargoda
814;15145;14622;2026-01-08 00:50:00.0000000;1;Kredi Kartı;Tamamlandı
815;18147;1578;2026-02-09 23:41:00.0000000;1;Havale / EFT;Tamamlandı
816;18704;1991;2026-01-05 17:53:00.0000000;1;Havale / EFT;Hazırlanıyor
817;11379;5549;2026-01-10 04:25:00.0000000;1;Kredi Kartı;Tamamlandı
818;9036;15059;2026-02-20 08:16:00.0000000;1;Kredi Kartı;Tamamlandı
819;9513;8733;2026-01-12 04:26:00.0000000;1;Kredi Kartı;İptal
820;12469;11511;2026-01-24 16:46:00.0000000;1;Kapıda Ödeme;Kargoda
821;5988;12540;2026-01-24 17:03:00.0000000;4;Kredi Kartı;Tamamlandı
822;8062;9803;2026-02-06 00:46:00.0000000;1;Havale / EFT;Tamamlandı
823;19894;16881;2026-01-24 11:30:00.0000000;1;Kredi Kartı;Tamamlandı
824;20269;12596;2026-01-02 10:22:00.0000000;1;Kredi Kartı;Tamamlandı
825;14373;4732;2026-02-20 01:32:00.0000000;1;Kredi Kartı;Tamamlandı
826;191;15023;2026-01-29 16:17:00.0000000;3;Banka Kartı;Tamamlandı
827;21014;8055;2026-01-12 04:29:00.0000000;2;Banka Kartı;Tamamlandı
828;3413;12671;2026-02-04 21:18:00.0000000;1;Kredi Kartı;Kargoda
829;5512;11370;2026-01-15 14:59:00.0000000;1;Banka Kartı;Tamamlandı
830;13555;8457;2026-02-14 14:21:00.0000000;1;Banka Kartı;Tamamlandı
831;20340;17814;2026-01-15 02:38:00.0000000;3;Banka Kartı;Tamamlandı
832;13651;13460;2026-02-15 06:55:00.0000000;1;Havale / EFT;Hazırlanıyor
833;10624;4999;2026-01-26 22:22:00.0000000;4;Kredi Kartı;Kargoda
834;17427;5189;2026-01-14 13:49:00.0000000;3;Havale / EFT;Tamamlandı
835;3950;2066;2026-02-01 09:41:00.0000000;3;Banka Kartı;Tamamlandı
836;1637;555;2026-01-22 17:45:00.0000000;1;Kredi Kartı;Tamamlandı
837;15794;5910;2026-01-15 11:50:00.0000000;1;Havale / EFT;Tamamlandı
838;14924;9339;2026-01-03 22:29:00.0000000;1;Kredi Kartı;Tamamlandı
839;4156;8754;2026-01-09 19:52:00.0000000;3;Kredi Kartı;Tamamlandı
840;8377;14377;2026-01-10 20:39:00.0000000;1;Kredi Kartı;Tamamlandı
841;16898;7092;2026-01-25 00:37:00.0000000;3;Kredi Kartı;Tamamlandı
842;14629;11668;2026-01-14 22:42:00.0000000;1;Banka Kartı;Tamamlandı
843;15732;1176;2026-02-18 02:57:00.0000000;2;Kredi Kartı;Tamamlandı
844;18132;556;2026-01-30 22:50:00.0000000;1;Kredi Kartı;Tamamlandı
845;181;9571;2026-02-07 12:35:00.0000000;1;Kredi Kartı;Kargoda
846;10099;4175;2026-02-03 08:21:00.0000000;1;Kredi Kartı;Tamamlandı
847;10070;13018;2026-02-06 00:47:00.0000000;1;Banka Kartı;Tamamlandı
848;15634;13042;2026-01-27 06:14:00.0000000;1;Havale / EFT;Tamamlandı
849;12140;1574;2026-02-07 07:25:00.0000000;1;Banka Kartı;Hazırlanıyor
850;14714;6911;2026-01-29 18:40:00.0000000;4;Kapıda Ödeme;Hazırlanıyor
851;13408;17619;2026-01-31 20:53:00.0000000;1;Kredi Kartı;Tamamlandı
852;1873;11891;2026-01-10 04:26:00.0000000;2;Havale / EFT;Tamamlandı
853;20367;328;2026-01-25 21:07:00.0000000;2;Kredi Kartı;Kargoda
854;13762;4471;2026-01-31 07:35:00.0000000;1;Havale / EFT;Tamamlandı
855;19572;10518;2026-02-17 02:03:00.0000000;1;Banka Kartı;Hazırlanıyor
856;20224;12251;2026-02-19 14:16:00.0000000;2;Kredi Kartı;Tamamlandı
857;15219;15368;2026-01-31 15:34:00.0000000;1;Havale / EFT;Tamamlandı
858;1248;17389;2026-01-18 08:43:00.0000000;2;Banka Kartı;Tamamlandı
859;8506;16209;2026-01-05 12:16:00.0000000;2;Kredi Kartı;Tamamlandı
860;16082;7573;2026-01-15 08:02:00.0000000;1;Kredi Kartı;Tamamlandı
861;7516;3769;2026-01-17 02:03:00.0000000;1;Kredi Kartı;Hazırlanıyor
862;11410;6291;2026-02-06 11:11:00.0000000;1;Kredi Kartı;Tamamlandı
863;13787;2321;2026-01-16 22:59:00.0000000;2;Banka Kartı;Hazırlanıyor
864;19657;10619;2026-01-01 11:42:00.0000000;1;Banka Kartı;İptal
865;1307;9542;2026-01-06 05:10:00.0000000;3;Kredi Kartı;Kargoda
866;586;3098;2026-01-04 03:52:00.0000000;1;Banka Kartı;Hazırlanıyor
867;12716;6108;2026-01-12 19:07:00.0000000;1;Kapıda Ödeme;Tamamlandı
868;6013;2300;2026-02-14 16:03:00.0000000;3;Havale / EFT;Tamamlandı
869;17785;10241;2026-02-18 14:16:00.0000000;1;Kredi Kartı;Tamamlandı
870;4559;7578;2026-02-07 20:44:00.0000000;3;Kredi Kartı;Kargoda
871;20689;6216;2026-01-12 18:49:00.0000000;2;Kredi Kartı;Tamamlandı
872;2505;2420;2026-01-25 19:57:00.0000000;1;Havale / EFT;İptal
873;3951;2534;2026-01-22 19:38:00.0000000;2;Havale / EFT;Tamamlandı
874;3306;6519;2026-02-10 18:14:00.0000000;1;Havale / EFT;Hazırlanıyor
875;13558;3466;2026-01-21 07:59:00.0000000;1;Kredi Kartı;Hazırlanıyor
876;21869;3767;2026-01-21 14:29:00.0000000;2;Banka Kartı;Tamamlandı
877;3762;2224;2026-02-05 05:37:00.0000000;1;Havale / EFT;Tamamlandı
878;8005;9428;2026-01-23 04:07:00.0000000;1;Banka Kartı;Tamamlandı
879;21469;8534;2026-01-20 20:51:00.0000000;2;Havale / EFT;Tamamlandı
880;10412;7030;2026-01-28 13:51:00.0000000;1;Kredi Kartı;İptal
881;14154;16345;2026-02-07 19:46:00.0000000;4;Kapıda Ödeme;Tamamlandı
882;21899;1150;2026-01-06 22:49:00.0000000;5;Kapıda Ödeme;Kargoda
883;11896;12485;2026-01-02 03:18:00.0000000;5;Kredi Kartı;Tamamlandı
884;13381;3165;2026-02-09 17:31:00.0000000;3;Havale / EFT;Tamamlandı
885;21763;15573;2026-01-25 11:41:00.0000000;1;Kredi Kartı;Tamamlandı
886;18745;11057;2026-02-14 12:57:00.0000000;1;Kredi Kartı;Tamamlandı
887;18605;15372;2026-02-04 17:34:00.0000000;1;Kredi Kartı;Tamamlandı
888;753;2924;2026-01-05 03:34:00.0000000;4;Kapıda Ödeme;Tamamlandı
889;13344;13013;2026-01-20 01:48:00.0000000;1;Banka Kartı;Kargoda
890;13291;3099;2026-01-01 09:45:00.0000000;3;Banka Kartı;Tamamlandı
891;15545;10842;2026-01-24 22:28:00.0000000;2;Havale / EFT;Tamamlandı
892;16731;1458;2026-01-14 10:52:00.0000000;1;Kredi Kartı;Tamamlandı
893;17712;13853;2026-01-02 11:36:00.0000000;2;Kredi Kartı;Tamamlandı
894;6764;6707;2026-01-28 00:23:00.0000000;1;Kapıda Ödeme;Hazırlanıyor
895;4010;3326;2026-02-19 13:42:00.0000000;1;Havale / EFT;Tamamlandı
896;7338;3092;2026-01-23 20:37:00.0000000;1;Kredi Kartı;Tamamlandı
897;13084;5710;2026-02-12 00:09:00.0000000;1;Banka Kartı;Kargoda
898;10979;492;2026-01-26 13:06:00.0000000;1;Kredi Kartı;Tamamlandı
899;5774;7731;2026-02-05 23:08:00.0000000;1;Banka Kartı;Kargoda
900;11530;11270;2026-01-29 09:30:00.0000000;1;Kredi Kartı;Tamamlandı
901;11136;9218;2026-01-14 10:01:00.0000000;1;Kapıda Ödeme;Tamamlandı
902;4356;2130;2026-02-09 20:25:00.0000000;1;Kredi Kartı;Kargoda
903;11426;15549;2026-02-18 16:33:00.0000000;1;Kredi Kartı;Tamamlandı
904;5896;12122;2026-02-06 04:31:00.0000000;1;Kapıda Ödeme;Kargoda
905;17191;7700;2026-01-05 21:50:00.0000000;1;Kredi Kartı;Hazırlanıyor
906;15924;12013;2026-01-01 02:39:00.0000000;1;Havale / EFT;Hazırlanıyor
907;7793;2078;2026-01-22 11:55:00.0000000;2;Banka Kartı;Tamamlandı
908;7843;12216;2026-02-17 21:54:00.0000000;1;Banka Kartı;Tamamlandı
909;10137;5209;2026-02-13 22:46:00.0000000;2;Kredi Kartı;Tamamlandı
910;4361;15769;2026-02-11 13:15:00.0000000;4;Kredi Kartı;Tamamlandı
911;8681;7542;2026-02-19 16:17:00.0000000;1;Banka Kartı;İptal
912;10193;13725;2026-02-07 10:56:00.0000000;3;Kredi Kartı;Tamamlandı
913;14396;6217;2026-01-11 08:46:00.0000000;2;Havale / EFT;Tamamlandı
914;234;13;2026-02-01 10:07:00.0000000;3;Kapıda Ödeme;Tamamlandı
915;3980;5294;2026-02-01 00:54:00.0000000;4;Kredi Kartı;Tamamlandı
916;11977;3055;2026-01-20 18:22:00.0000000;4;Kredi Kartı;Tamamlandı
917;4994;15604;2026-01-31 03:57:00.0000000;4;Banka Kartı;Tamamlandı
918;21082;6166;2026-01-30 22:53:00.0000000;1;Kredi Kartı;Tamamlandı
919;9548;2855;2026-01-11 20:33:00.0000000;1;Banka Kartı;Tamamlandı
920;4492;14504;2026-01-27 01:12:00.0000000;2;Kredi Kartı;Tamamlandı
921;1083;7555;2026-01-03 19:13:00.0000000;1;Kredi Kartı;Tamamlandı
922;5638;9826;2026-02-02 00:41:00.0000000;1;Kredi Kartı;Tamamlandı
923;552;16246;2026-01-18 12:59:00.0000000;3;Kredi Kartı;Tamamlandı
924;6029;960;2026-01-22 12:46:00.0000000;1;Banka Kartı;Tamamlandı
925;20389;8774;2026-01-26 11:05:00.0000000;2;Banka Kartı;Hazırlanıyor
926;15212;10601;2026-02-18 16:21:00.0000000;2;Banka Kartı;Tamamlandı
927;5949;4355;2026-02-05 22:58:00.0000000;2;Kredi Kartı;Tamamlandı
928;6025;2898;2026-01-08 02:47:00.0000000;1;Kredi Kartı;Tamamlandı
929;11712;12190;2026-01-13 20:06:00.0000000;1;Banka Kartı;Tamamlandı
930;12227;343;2026-02-16 04:18:00.0000000;2;Kredi Kartı;Tamamlandı
931;10473;7750;2026-01-15 14:03:00.0000000;2;Kredi Kartı;Tamamlandı
932;20779;16647;2026-01-25 17:24:00.0000000;1;Kredi Kartı;İptal
933;3115;1437;2026-01-21 00:54:00.0000000;2;Kapıda Ödeme;Tamamlandı
934;21072;1585;2026-02-08 09:01:00.0000000;2;Kredi Kartı;Tamamlandı
935;15351;4261;2026-02-15 09:34:00.0000000;1;Kredi Kartı;Tamamlandı
936;18676;4000;2026-01-10 03:38:00.0000000;2;Banka Kartı;Tamamlandı
937;9618;14863;2026-01-02 23:57:00.0000000;1;Havale / EFT;Tamamlandı
938;20315;16296;2026-02-19 13:54:00.0000000;1;Kredi Kartı;Tamamlandı
939;2665;5938;2026-02-15 18:55:00.0000000;1;Banka Kartı;Tamamlandı
940;21676;12936;2026-02-06 19:19:00.0000000;1;Kredi Kartı;Tamamlandı
941;5151;2817;2026-02-16 12:15:00.0000000;2;Havale / EFT;Kargoda
942;7864;2372;2026-01-19 10:55:00.0000000;2;Kredi Kartı;Tamamlandı
943;6558;1099;2026-02-04 18:46:00.0000000;5;Kapıda Ödeme;İptal
944;8683;12763;2026-01-19 21:07:00.0000000;3;Banka Kartı;Tamamlandı
945;4272;12719;2026-02-11 17:59:00.0000000;2;Kapıda Ödeme;Tamamlandı
946;13502;1714;2026-01-29 19:36:00.0000000;1;Kredi Kartı;Tamamlandı
947;1791;5818;2026-02-07 13:52:00.0000000;2;Kredi Kartı;Tamamlandı
948;20113;14220;2026-01-13 01:18:00.0000000;1;Havale / EFT;Tamamlandı
949;13925;4126;2026-02-08 20:43:00.0000000;1;Banka Kartı;Tamamlandı
950;17019;4754;2026-02-01 12:28:00.0000000;1;Kredi Kartı;Tamamlandı
951;19768;11660;2026-02-19 16:06:00.0000000;2;Havale / EFT;Tamamlandı
952;19038;14534;2026-01-26 04:42:00.0000000;1;Kredi Kartı;Kargoda
953;2032;13643;2026-01-30 12:13:00.0000000;1;Kapıda Ödeme;Kargoda
954;3776;6203;2026-01-03 14:04:00.0000000;1;Banka Kartı;Kargoda
955;9792;7949;2026-02-11 08:48:00.0000000;1;Banka Kartı;Tamamlandı
956;19342;7836;2026-02-17 15:14:00.0000000;1;Banka Kartı;İptal
957;3847;8637;2026-01-21 15:15:00.0000000;4;Banka Kartı;Tamamlandı
958;6840;11208;2026-01-24 16:25:00.0000000;1;Banka Kartı;Tamamlandı
959;8525;16695;2026-01-15 12:56:00.0000000;1;Kredi Kartı;Kargoda
960;21638;2080;2026-01-06 22:51:00.0000000;1;Havale / EFT;Tamamlandı
961;11486;5494;2026-01-18 20:53:00.0000000;1;Kredi Kartı;Kargoda
962;5324;9415;2026-01-07 00:22:00.0000000;2;Kredi Kartı;Tamamlandı
963;19407;16597;2026-02-09 02:40:00.0000000;1;Havale / EFT;Hazırlanıyor
964;18824;2403;2026-01-21 17:33:00.0000000;2;Kredi Kartı;Hazırlanıyor
965;15663;14521;2026-01-25 03:42:00.0000000;1;Kredi Kartı;Kargoda
966;18561;9246;2026-01-30 06:52:00.0000000;1;Kredi Kartı;Tamamlandı
967;1890;5752;2026-01-16 09:52:00.0000000;1;Kredi Kartı;Tamamlandı
968;17036;5599;2026-01-04 15:43:00.0000000;2;Kredi Kartı;Tamamlandı
969;14039;4805;2026-02-01 08:53:00.0000000;2;Banka Kartı;Tamamlandı
970;21386;5782;2026-01-23 06:11:00.0000000;1;Kredi Kartı;Tamamlandı
971;15824;4923;2026-01-24 12:39:00.0000000;1;Kredi Kartı;Kargoda
972;17866;12608;2026-01-24 19:25:00.0000000;3;Banka Kartı;Tamamlandı
973;558;370;2026-02-10 16:48:00.0000000;1;Kredi Kartı;Tamamlandı
974;7853;9261;2026-02-07 15:24:00.0000000;3;Kredi Kartı;Tamamlandı
975;17899;4007;2026-02-10 07:37:00.0000000;1;Kapıda Ödeme;Tamamlandı
976;12656;12609;2026-02-13 07:55:00.0000000;1;Kapıda Ödeme;Tamamlandı
977;15495;10746;2026-02-08 08:35:00.0000000;2;Kapıda Ödeme;Tamamlandı
978;21231;1171;2026-01-20 09:54:00.0000000;2;Banka Kartı;Tamamlandı
979;19383;7877;2026-01-03 00:10:00.0000000;3;Kredi Kartı;Tamamlandı
980;19340;8409;2026-01-21 05:18:00.0000000;1;Kredi Kartı;Kargoda
981;4983;5776;2026-01-28 23:21:00.0000000;2;Banka Kartı;Tamamlandı
982;10145;1010;2026-01-10 21:51:00.0000000;2;Havale / EFT;Tamamlandı
983;20349;5792;2026-01-12 17:06:00.0000000;2;Banka Kartı;Kargoda
984;3931;11548;2026-01-23 21:57:00.0000000;3;Kredi Kartı;Tamamlandı
985;1674;609;2026-01-04 06:47:00.0000000;1;Havale / EFT;Tamamlandı
986;15757;1504;2026-01-16 14:54:00.0000000;4;Kredi Kartı;Tamamlandı
987;21051;9213;2026-02-19 08:39:00.0000000;1;Kapıda Ödeme;Tamamlandı
988;19917;8471;2026-01-14 08:57:00.0000000;1;Kredi Kartı;Tamamlandı
989;7664;9351;2026-02-04 17:11:00.0000000;1;Kredi Kartı;Kargoda
990;7478;13935;2026-01-27 20:43:00.0000000;1;Kredi Kartı;Hazırlanıyor
991;17432;6460;2026-01-30 17:31:00.0000000;1;Havale / EFT;Tamamlandı
992;14588;17456;2026-01-25 02:44:00.0000000;3;Banka Kartı;Tamamlandı
993;20546;4021;2026-01-11 20:10:00.0000000;4;Banka Kartı;Tamamlandı
994;14924;16169;2026-01-29 16:19:00.0000000;4;Kredi Kartı;Tamamlandı
995;10201;2555;2026-02-16 04:52:00.0000000;2;Havale / EFT;Tamamlandı
996;12590;1474;2026-02-17 06:51:00.0000000;1;Kredi Kartı;Tamamlandı
997;12222;17368;2026-01-02 12:19:00.0000000;1;Banka Kartı;Hazırlanıyor
998;19776;1480;2026-01-15 12:20:00.0000000;4;Kredi Kartı;Tamamlandı
999;4492;11131;2026-01-06 18:29:00.0000000;1;Kredi Kartı;Tamamlandı
1000;9734;17180;2026-01-01 14:02:00.0000000;4;Havale / EFT;Tamamlandı
